78.txt,107.txt,165.txt,234.txt,155.txt,184.txt,141.txt,131.txt,57.txt,226.txt,159.txt,82.txt,237.txt,212.txt,121.txt,152.txt,45.txt,177.txt,176.txt,235.txt,11.txt,145.txt,98.txt,236.txt,53.txt,203.txt,4.txt,79.txt
0.034167176132427896,0.03620853509407075,0.044257128907295884,0.044779420383459535,0.04664195011582435,0.025649378982250774,0.03051586706970008,0.02550033905093028,0.036578810329026074,0.039432205797001324,0.041563756505737945,0.03285290743982289,0.04130853633995711,0.04274593250047004,0.03932728314482213,0.04411267145489526,0.039328985467518264,0.043202391165791054,0.04447884382427505,0.03730047539677396,0.03769011764932857,0.04628353622819138,0.04711941346110167,0.034133598785679495,0.04447894322990032,0.029684154940110986,0.040567419958893576,0.02532455869921218
0.030530934103850757,0.024764516566507883,0.04594669894488884,0.03647473154505062,0.03704129599767589,0.019017422669070104,0.04317660958499721,0.024327791440263313,0.026994047227896965,0.03142887780895887,0.02191112094606347,0.02266013575050765,0.030585431702702177,0.04542814160826142,0.026017096868597087,0.03236041351792361,0.04096567643211559,0.03456450087237442,0.03456253997973212,0.02676879428501259,0.02073730961854134,0.04453102395778934,0.025141415003697563,0.02932225594547934,0.038974050191428286,0.03075532598048513,0.04158047623493082,0.023213232939298056
0.03827334783293125,0.012995169749682449,0.0037597172930992732,0.044442161743294545,0.017373714485943357,0.02420065093986591,0.006330550020177708,0.022461235716051478,0.019798440378341896,0.04436984428571368,0.011511312719860396,0.016512142923550657,0.03146805849359994,0.011336652261117328,0.024707550358442472,0.010906060209662272,0.028377634299056303,0.02894210617284021,0.027835414554438213,0.014071505142832716,0.043305302840048784,0.03169424764775258,0.042841152715564115,0.036142807795238374,0.017684710357319253,0.011705342732050653,0.020620468088730415,0.020184601084286324
0.04280153327816496,0.02989335577783565,0.028384758114597872,0.01284302362725396,0.04054612425585226,0.03463467849246442,0.03384891580500715,0.038779885373259264,0.03903755328900382,0.04470179218161596,0.04479653595436123,0.033079121353423176,0.03754900859466892,0.022145209776853452,0.03784468647091223,0.0336173778969957,0.03474904327698269,0.02749413084319085,0.02654335462701636,0.03812672235094157,0.04209978146360578,0.03971191077283313,0.03881997582158479,0.031588344625208584,0.023968976194606535,0.03673037462760727,0.027304617345683995,0.044034767516495585
0.044253378365956726,0.025495326468810465,0.012288411928227588,0.03920086434418884,0.028918963530665608,0.03594833531996075,0.019328860350003304,0.029837003635672134,0.033340406375756255,0.03734714718062768,0.035584707109331905,0.04179606154984647,0.013046799544348332,0.040971796909647515,0.030743610416784556,0.02451856973324537,0.03057871212223434,0.0072490665441781645,0.009212925144929612,0.03756925451613889,0.034577257425440426,0.012932280360006045,0.0214173414298409,0.01773227375604105,0.03549383580239196,0.019106215516453404,0.02255328664390633,0.03582978587126417
0.01645369337664731,0.039053861797116625,0.01923102134031207,0.020253443155477772,0.04429528011158214,0.04450265538634139,0.020756388490213856,0.02112613603149391,0.0007313140458263367,0.01448277719794977,0.008256176133767142,0.02620963485159527,0.01519344003093903,0.017060220521400486,0.015110954528540547,0.014236693005536738,0.04460649526293871,0.0171463159109916,0.01983990289422316,0.007626450564302238,0.039331920621101385,0.018633750876759517,0.015358304588322921,0.012950332990045676,0.01342987832720217,0.014337779146474336,0.04172717555573925,0.04170059852083652
0.03669720092353178,0.04483327446748899,0.01749453346829977,0.028968026655162266,0.02132833420573336,0.02797850026775013,0.03890773252123657,0.03853725974635862,0.038148077599570555,0.007042206401177645,0.022793091047630696,0.04466987887247086,0.045202956474218875,0.04274047820578036,0.03382048147944082,0.04373545513196546,0.03039482191624078,0.025349517145713388,0.02517212090325754,0.04178455853514383,0.019831093615360104,0.04518722871209831,0.042191441304646804,0.032658927424685506,0.044957832579625316,0.04460725348009208,0.04153559695870074,0.03123399804965664
0.0113673740104379,0.010440258645231031,0.026651857858404935,0.030334473617256615,0.018013033357518887,0.019020936881094706,0.010368650797481603,0.011411272382499622,0.01665316412701683,0.008562576325527892,0.022514449174231253,0.0072012707990099355,0.012717208871224038,0.01000006469925757,0.005654178750160369,0.012147350757420508,0.010460157767914443,0.010454543299764588,0.007261547641767794,0.015125192454197038,0.03802379638738378,0.009319732897884393,0.012793597713161672,0.011995951926642979,0.012694139077365666,0.005652118119628017,0.014276849772023245,0.005693216377625525
0.0016458537248787725,0.0006444527884597007,0.004928947235546681,0.00729001501772941,1.8694829140195983e-05,0.006044928703507162,0.0028454078414692045,0.001748875561494561,0.00038078141455692184,0.0015969589053787354,2.819190412119088e-05,0.004670787657886252,0.006852362014940753,0.014814863318715572,0.006551630337976382,0.002483689199951411,0.011439764713238404,0.004603400598932168,0.0036029206274873524,0.005077463454083238,0.00045344449339162655,0.000614023647570116,0.0031963219505466694,0.003944215945831948,0.002735606982729331,0.002427707370496214,0.018552458629961688,0.00341530623040501
0.04357031980877042,0.0406577847869089,0.044874347195588006,0.04017008181146703,0.037421101693705855,0.04366175118724498,0.041049868008672906,0.042170345262143354,0.04475557778813043,0.03901292759181351,0.036885290176311786,0.030454643778156536,0.029630123226089274,0.018956267645595715,0.043471901271345606,0.042824888338356584,0.03543131945061864,0.027062073330778896,0.032001894807146034,0.029481586416385954,0.03139155674979666,0.04128558391328507,0.04323957582373657,0.03748930473809457,0.04378061318604838,0.04335253736596559,0.04339998629072741,0.035312085570796084
0.018707468251006734,0.0060627107628049865,0.018863191943425846,0.01069933924288799,0.005708062418796161,0.02194405402068226,0.008534899398530953,0.024751050602774563,0.008042589086050104,0.008796986449867362,0.007621270236097403,0.00787626400012725,0.008266581571784636,0.02846182757118417,0.008488743061910822,0.008481314335874443,0.008443373214030702,0.006468382894021202,0.006923875006402736,0.004134388489659207,1.913219478676683e-05,0.004186951224842091,0.008026264837183732,0.01564801041204044,0.007568736299029535,0.0054644186944380405,0.009361419495598301,0.007422472743030505
0.012101781430996397,0.004621503804502568,0.00540230482395934,0.008518698935107327,0.005009860670616615,0.001819627998403513,0.005888606817990595,0.002013177588043649,0.009764959898250734,0.00402884051109017,0.0022709865796837155,0.012719831182846784,0.004441112787192581,0.018047986402576537,0.0071973965815564055,0.024429252934193547,0.006783909702544353,0.02970554543763452,0.00038719768341840947,0.024973662472532535,0.04384108476870986,0.005955912394245923,0.009296332321151722,0.0069711577056173,0.005340785723552289,0.005819809819996351,0.0038104734083136884,0.005914519172992177
0.028625610747059535,0.045145434817366756,0.04435658233940854,0.04051696865496414,0.03652691378583738,0.04061152152284882,0.0403676492431083,0.026118592651875244,0.026567800404834314,0.04434912766362908,0.044998431231998634,0.0418003686772777,0.025847973937115517,0.038558101347877544,0.029546773356130075,0.02462107778614324,0.019987602327447323,0.026934938488735793,0.03823929007306554,0.04510980753573739,0.038545910782177124,0.04433143499333744,0.025196232924500614,0.032148958132622515,0.043990444897662705,0.03332828497298882,0.04472690673376355,0.035638330666616466
0.039384345086673885,0.040989961386777025,0.04461670349245245,0.03579486688465377,0.01653606489012751,0.03792108102107053,0.02824423048459663,0.043098108923769335,0.026932689357930993,0.045201359533409105,0.03646717004605278,0.032186438291801525,0.043290327468195194,0.03605382479180781,0.04270410319208305,0.044420888292144335,0.03803004474492633,0.045023359488527995,0.041902641491542755,0.03815678388204266,0.04033018099020958,0.033641844912902785,0.03793289387333593,0.044644231727847664,0.044283380024585546,0.04506417410868798,0.039567195541219485,0.044418370981120704
0.03622158405810002,0.025819322181001775,0.032210912170595046,0.03934094267442908,0.04312302072033335,0.042565188920591565,0.01898868530683648,0.03706120817490226,0.022962742307407757,0.043355272216109526,0.039300575033832705,0.01837367068363032,0.037547783274668636,0.03239381843267315,0.0376392583084901,0.03919262783904576,0.020852527315932505,0.027579530553764574,0.023760275237547243,0.02313809976463351,0.030901422818672523,0.026510041083126275,0.03946211495615123,0.04287179797462003,0.0339467744068475,0.03240591669317182,0.03147579480479139,0.0385655469475534
0.03541974787788539,0.03657422661563403,0.008722409818377522,0.036556047142005166,0.019425160667421754,0.03139431640373581,0.01305097096107723,0.036164090609964714,0.03917032929791607,0.031157082270089682,0.036214772565202516,0.03644758072434739,0.03550321319661825,0.03176255891514884,0.03547574521734838,0.03604029791112094,0.03348399890908636,0.036314705914916146,0.037192314937533055,0.03659116797457794,0.03660594062422594,0.03441675814729365,0.035234144111767104,0.0354983521398336,0.0361984075679943,0.036557686745377876,0.03646290718713387,0.03275875544680469
0.040751967837503435,0.029171452187868062,0.04530153755674401,0.03741693376252317,0.03807444007063518,0.02404682961780984,0.03318629511332854,0.0435734507716146,0.03876924018306567,0.037943876432086236,0.03708142007990333,0.0412082493252805,0.010728416986795603,0.04065993744568659,0.02937931054544392,0.04232603930412855,0.027634169741565254,0.027561106208724706,0.028885225106047786,0.026022162295064353,0.033925743389542795,0.04527450113735171,0.041449448611043216,0.03405953826958819,0.038142291521490346,0.027845748538024906,0.032852098940946386,0.04147181633527783
9.87499388663039e-08,5.2272328697491206e-05,0.030731106065956977,6.19622101614208e-05,1.7169300263660144e-07,0.029920543190619403,7.284692225443603e-05,1.2495839094683417e-06,8.509730280893486e-05,3.093215684861563e-08,0.00017118051466724155,1.0878738267389195e-06,1.9981877571204216e-05,7.257682059844151e-05,4.130514391428849e-05,0.0006516761693234617,5.17753279911101e-05,0.0004348436925793412,0.0004709011923434896,6.103349664390666e-05,1.0532129670003065e-06,5.750413236307524e-05,2.996626041984389e-07,7.22202466809372e-06,2.4070191558665938e-05,3.1566277696338725e-05,2.203962724038918e-05,6.989764184437513e-05
0.0024523993809034495,0.035836856417886954,0.004545068706086978,0.030175295916465537,3.263752544173941e-05,0.0003171659313899233,0.0026261898828040045,0.001678587670293447,0.002946489647653216,0.002896788811917936,0.0003035928165483997,0.003213763281307223,3.161566682207875e-05,0.037781544446675225,0.0007887042026864237,7.73045349432309e-05,0.0008550789176389328,6.8630844510100196e-06,1.8230550503034773e-05,0.0031345880453994474,0.0012439708986304197,0.0007236106404994282,0.0010845637917047757,6.820654742162649e-06,0.0005022671612202439,1.2500608998831414e-06,0.00043016760296744666,0.0006255312729847776
0.04804295817446435,0.04506198495664815,0.04851124656847796,0.03947683638860214,0.03973597300955438,0.04825329890737329,0.03455899049651859,0.04623064874750592,0.048282701236578615,0.0422290576207766,0.04751605220395727,0.04752311209703565,0.005061339154035874,0.047770139670202855,0.04616005019513809,0.04666301864774451,0.04846077131204884,0.03879573549494458,0.048463632118121144,0.022975080616784677,0.04773696776659965,0.03820331130424359,0.0484509162641331,0.02199710356100168,0.046449453684443365,0.047546699987924004,0.04753445724579451,0.04392380499667456
0.04388414678531308,0.04112486976950783,0.042133250750863195,0.03214716765539538,0.04475420745750393,0.032230327105852614,0.030605500400462206,0.027250182719687075,0.03631499283842249,0.042010300992932,0.04056923615759937,0.03514519850222707,0.03848813036509781,0.04290280559612707,0.03106460676375241,0.044101824137543516,0.04120328511137003,0.03643246917873488,0.03438425979183543,0.04382707996767246,0.03979742633166796,0.040286743996378604,0.04013286432122182,0.03472136333340863,0.04194796778417843,0.035742292181070466,0.04465572060948234,0.03847347363166734
0.005211614865596251,9.214132661228123e-05,0.0041646582620423036,0.0037851245167559383,5.775279713705604e-09,0.02807629232953531,0.010099860563194176,0.003794732017925858,0.003784879911404338,7.641626717821918e-06,0.0037887154261919006,0.003785708658312949,0.0037851125701080747,4.5380282603451774e-07,0.003784115588633871,0.0037834807576428613,0.003784258037363302,0.0037844079883196137,0.0037843813840175437,0.0037856549477346202,0.003782280182434288,0.0037857376645700144,0.003785736871324815,0.0037812942865029947,0.003785090174105429,0.0037829069968912093,0.0037853318477825667,0.003783271904205187
0.016410823545553614,0.0281152379846659,0.020106709852422494,0.010245000122927467,0.026816063189556805,0.01848192339990157,0.03964254500913263,0.01327954388766604,0.01450709092626143,0.02740046146619967,0.014762429689703826,0.020977489515475657,0.022852632820216528,0.023076204242184567,0.012847139960902022,0.019464520874765877,0.016447381149533796,0.03252449562208894,0.03546910185186595,0.03763168317169846,0.01987596297994731,0.03305488962060423,0.021170583750938648,0.01709175860343489,0.012793250586574037,0.015747805476141227,0.021866066116843545,0.013062071666524401
0.03318695043593477,0.020814943495214712,0.030712633117385927,0.024164773116406607,0.03415242611357004,0.02417928535186986,0.035431525119198684,0.034193730939585415,0.037986903513481954,0.02857996328429793,0.03373238639289847,0.032538538992621255,0.03728767915781417,0.04432625284620664,0.02648609542957321,0.04062001717233841,0.04284099051359336,0.03142769066301648,0.0325624264743156,0.02978464882506538,0.03137793735613372,0.02857949785455459,0.027950881266764115,0.03903211931121412,0.026316152678831937,0.045498270528762735,0.030550557372644872,0.03126512773224158
0.026974649074127558,0.041050261361851886,0.016542242817782278,0.03446086915032809,0.035783697777408995,0.026956221151082583,0.03406771379206394,0.031930607950348175,0.03405847735416828,0.04422116528248121,0.03923526185447804,0.02717332368683975,0.03693054540709148,0.03970578497427946,0.026403155864142387,0.04366364922453762,0.025475345831172464,0.0399895049857014,0.01735142963736018,0.04493919350042304,0.04020335352626986,0.03530046651520623,0.031111038312705168,0.02568274451607272,0.034068156312424144,0.028454948404136964,0.02419752121158236,0.042686929081697314
0.04316304228974166,0.04399586768278126,0.04228198734035205,0.041933860556249807,0.0436669634333291,0.042879874780074136,0.04427926733523865,0.04278278792942686,0.04472467226915852,0.042510412979335846,0.04388456428248204,0.044059109601675556,0.044892903835229744,0.04280788177465815,0.035712442213679266,0.04406850917465152,0.042748192598397405,0.044153247604161366,0.04436692167844038,0.043041384697638,0.043469137029889,0.043761801597370725,0.042643669543766444,0.011733661246298172,0.04246944195462489,0.041693116631967286,0.04361245927251804,0.04396836631445977
0.04472404069141042,0.00813622801570952,0.043446975570473834,0.04236556905649277,0.04461201142622387,0.028865120752593176,0.03571383842405691,0.026484510135298928,0.04286322939139933,0.013909214589612784,0.04269583025757198,0.03782504555197168,0.021501019772052675,0.021581449088380403,0.03093113795659306,0.04173269208577978,0.02097449319057525,0.018787873223954126,0.04380431900612133,0.043512127223144015,0.04261195993089279,0.04378729772148604,0.042016829090538214,0.03250148795326896,0.037534840571868344,0.016144132030572182,0.04515605577021111,0.044409851275717935
0.006328133965254654,0.012533381874799538,0.0007644963866370007,0.0004201451578934825,4.923895492950407e-05,0.0019411784471600173,0.030861511518128472,0.005171559585650704,5.9697723506040914e-05,0.005287362277400294,0.00016218681141980893,0.008757603364021153,0.016759251664186542,0.0007329492010357049,0.00045455011974377974,8.08960750183186e-05,0.00015576721663462852,0.005324928195914984,0.002382869598540841,0.02336887993476415,0.0030037295640599282,0.013045753731520678,0.007469952792295505,0.0069316616546668515,8.881530965851536e-05,0.0035055431930715326,0.0009186907188458474,0.00019533100335289145
0.045060099078407995,0.044483281803339145,0.04071198844381612,0.018887351134217578,0.03818460329249215,0.03624943465928873,0.04261178162202822,0.031778256294157856,0.041288506854008006,0.043145862300318645,0.0448713516047858,0.040832875169893035,0.03888820857601605,0.043439680074397385,0.03610115693540522,0.044276211532474866,0.04140446402658546,0.03598978484101468,0.014366953716544575,0.044955770242780024,0.04440890210554538,0.04008760160319269,0.04024121816084471,0.034386737920045256,0.03724504173137969,0.04170609204895695,0.0446594300764567,0.0377718933698495
0.043243687261800626,0.04385602164760241,0.04402214341021744,0.044492350561245474,0.04324461864878447,0.042670020890948845,0.04147055688090839,0.043901292188960606,0.04503312012187745,0.0439583440535451,0.04439092692202663,0.04336111331249708,0.044246694297936956,0.044285357931896516,0.03907180321673913,0.04393586078755117,0.04499603237972363,0.04513557309879748,0.04496105991511389,0.04096513396054768,0.035536361695161583,0.0431262213600482,0.04353871460439807,0.04483186208320679,0.04300713190639979,0.04247094369222461,0.04349415738805483,0.04472590893010253
0.037859081934579805,0.04104213116259342,0.03482095814856684,0.03173552148815328,0.03070858501414383,0.04167481683768988,0.022600039847535947,0.024146732057588674,0.02388001207719716,0.04501557117648711,0.04328263643871058,0.043468602980848946,0.03741627419029338,0.0448046076670402,0.023249369905252126,0.03639043749322069,0.02394103380329622,0.043552457487939344,0.044504207579315176,0.03220743915245561,0.035959790596631604,0.03053872472715801,0.023402611709681883,0.04509775191199854,0.039297484741309785,0.044285672929564604,0.03214609954183165,0.043482865221528964
1.91711917280513e-18,3.550823955851919e-43,7.600665352455067e-116,1.3973943656874851e-33,6.207473842488525e-33,6.182551611805308e-74,3.430583978856342e-22,2.630176435881677e-36,4.764646378997825e-25,1.804824131022326e-24,2.751197601775516e-23,1.752851742589145e-18,2.7493601949935523e-21,1.1738111896897342e-22,5.601738112728347e-23,1.3831570563839517e-22,1.4313749594820746e-22,4.908797018515252e-20,5.4576537117041e-20,1.215491811159552e-193,3.149045925873036e-33,3.1625929103733614e-23,9.61388703731644e-22,9.312020101385071e-25,1.157127348688543e-35,1.0698629162301479e-20,3.369902084326401e-154,1.404757866796678e-28
0.011248870311691628,0.0033026854089468313,0.016021787641014387,0.020172192458954,0.004842882575884335,0.002716657558987555,0.0028843884759712623,0.011489046879344864,0.0007137079059390217,0.020368606125876043,0.012451780889606417,0.003689808251734729,0.0036350344097368557,0.0027895969562815154,0.015955122198954473,0.009257540350708355,0.006351473709248564,0.011476247633693575,0.012237762080087315,0.007605726790736014,0.0021213757426787536,0.003450398776125585,0.01006382657876972,0.007517972897035382,0.0005863310861053292,0.010089089726618785,0.0005274500397970418,0.0033093128969000547
0.02983740852813121,0.026562635029017664,0.032690996095772314,0.03764513960331488,0.036544953298829286,0.04032208132644921,0.030778782212676572,0.0234031476234561,0.03880805848955313,0.039161661668351985,0.04120057145463334,0.036483541940432386,0.03196494272377992,0.04085689081133603,0.026488157579626533,0.03941264392905518,0.02370353816380809,0.04091822963688289,0.04113271454634309,0.032298299981218,0.02979531407833729,0.02522396879758749,0.022720368604426104,0.03349519222095289,0.025597192825302026,0.02225023837302786,0.029557853170075195,0.03889556767164963
0.04846998756810649,0.046336741149736224,0.046085873227750415,0.005692311340992342,0.04262665837611468,0.04680410957930766,0.0484052658529106,0.04797829225942597,0.047619135741469615,0.04734531766160863,0.04547479937051333,0.04092504604229928,0.04110539717818904,0.048448655767360974,0.03394768591862857,0.045719904877059125,0.04736605646387544,0.02077923272921794,0.015395109140313657,0.04756289715092108,0.04832306069416565,0.048156728042064584,0.047859671044506724,0.04323355347798294,0.04133071022554017,0.04630529752427594,0.046431437294212556,0.04801310889230612
0.032550290455839015,0.044279211107721,0.04490505204279726,0.04417088666161502,0.04435613517040986,0.04307608103650733,0.03107501396994123,0.027318788830743422,0.0451170555239233,0.039571696428700905,0.04479891939794385,0.04226995615279493,0.044112373234761984,0.04488019933540356,0.043812995762512824,0.04453267578494627,0.03901607478763508,0.03327974829663382,0.04509543482221712,0.021389673035504642,0.04240213030619153,0.03857902258480147,0.03857770834813776,0.04409846645516992,0.044316183941430956,0.04343239709410298,0.04192720440070736,0.03176043009847439
0.037673354189403194,0.04417673288225691,0.038662630268669895,0.03978488079224209,0.03689502602488455,0.03901652562961842,0.035394485784372695,0.0335820557565806,0.04321908257859066,0.041610877988009984,0.04082966869916507,0.044967356829432065,0.04245897725346364,0.0421402857168347,0.03198443420669064,0.03470276999174008,0.03351315344640604,0.03355528550623495,0.03520185492402955,0.02558948154202471,0.04339261918976253,0.044982218175479954,0.045119883218350434,0.04206111109847231,0.042431777655836125,0.044315519787210975,0.04364432938616569,0.04383301380654563
0.026709049250935268,0.001870370918205684,2.2735888836454235e-05,0.002234415348355356,0.012845273944410499,0.018825875614202636,0.002342716331577,0.00808657795453593,0.002155234916175921,0.03154058352435539,0.002599018317491795,0.0023214288584859086,0.0023509014286742175,0.002114650126985525,0.013756163563242897,0.01279450748272523,0.01602070137120834,0.0023402993040934662,0.002340501590884357,0.0025190022890083613,0.002199781981923291,0.0008707928627339644,0.002143454464299929,0.002271118857528382,9.023306539759226e-09,0.002537345680685632,5.624007403192597e-05,0.002277124905999309
0.04121210327855572,0.025298682621449083,0.030234203160851965,0.02752817969631443,0.023249311537973202,0.011831689491725255,0.041182284233526725,0.04426518863194051,0.04204765635930069,0.0435329572205892,0.018903795900493833,0.024443859103040148,0.012243352587528405,0.043140378333602514,0.022929195028011554,0.03775579759689718,0.03963322421474702,0.03969449486791548,0.04019774534427852,0.04130351833341518,0.04463043351437782,0.045022489399604335,0.04516516996960403,0.010572549723695892,0.04308764674504385,0.040560559155491366,0.022416940847954793,0.011648660710544734
0.008815298021819004,0.005415009387747098,0.00017805989168934906,0.0009745937361976736,0.00010696824855690685,0.011312480640313585,0.009807019274423822,0.0006121789128732767,0.000839730053324767,0.017140470502865747,0.00011881439148847237,0.008186359949850331,0.0003933953459587039,0.009080979433796354,0.00881587237007178,4.968281769877823e-08,0.0033996310538440514,0.007827182246131145,0.006891899172857995,0.008855426218345163,0.005836638691813642,0.008879845445828696,0.00964299094215253,0.015129763986704667,0.005892746163167733,7.922561401991812e-05,0.001776709460948008,0.006383455592286573
0.010304537528271197,0.013499371585459096,0.008246761786314668,0.02752030104603414,0.006936614057159339,0.010103724840188174,0.006339082119552952,0.014437432110519687,0.006853998953216966,0.008795372143948588,0.007435814190753209,0.022252651090129923,0.012850749472625949,0.012303758352452471,0.0087923063802361,0.010108453684088026,0.020360699475861072,0.0064357628022010584,0.0069025094962147805,0.009846740027397074,0.006724912922626074,0.011117787273688359,0.007764735636400223,0.002639297860178232,0.0068577551823121915,0.008177460264598162,0.009228440785817658,0.007929474193591059
0.045210554644566796,0.044939719761540785,0.03816826633359691,0.03133697745350503,0.04052594652965147,0.03706050646334838,0.03641338413809686,0.04360825773173374,0.03331947908027231,0.04491032171958338,0.04114793696558624,0.023511019529477907,0.04390468390404892,0.04442810121939901,0.03634928677315549,0.04444806424617311,0.03929963462982853,0.04480564404006339,0.04442194729415198,0.04320008427241601,0.04317232834788251,0.04512493293661107,0.04499050019706964,0.04237501103706487,0.04399123357327982,0.044913663845240204,0.0405194982009974,0.04498449993919954
0.03233474132599332,0.03482131164203106,0.03761883907881533,0.04490128798257044,0.03130855558847912,0.02029099829552123,0.029150646278746868,0.04197317659896141,0.030926725186385083,0.032560200723804084,0.031604804456901434,0.02961174301270595,0.011107163124685095,0.03375752891061158,0.02497876343629042,0.03353011186206588,0.027798904037842354,0.032711705460622784,0.03236033907987758,0.03824877095822461,0.03275909736021876,0.033485974101220714,0.03277579542412126,0.03442499801675303,0.04036209559071677,0.02767404796545312,0.025809935556484344,0.010949520520527561
0.022629684503653012,0.019243091736924702,0.02279348158951768,0.010222426132986427,0.019225259453118534,0.015130312790975417,0.02119241434994667,0.019635782914057227,0.013854309827585353,0.021161024622602304,0.020774046741373682,0.020433307672350406,0.014844022995476732,0.0249860093193058,0.00948560829492795,0.01594424526119756,0.015028322767212098,0.004830157191412576,0.026544456417524363,0.027807365885746938,0.021211621379594092,0.019832809403733644,0.0024910768019839966,0.022316624941390903,0.02791773770081405,0.020784072218943475,0.0044428208606807655,0.025011138295425436
6.02034941082959e-06,0.04797327821375251,2.9196027402236105e-06,1.1748206957978319e-07,1.6735581840285618e-06,4.588013920513521e-06,3.2917294342148863e-05,3.6517123687658263e-06,1.5660542970347184e-05,5.28764756098467e-06,4.072326264984781e-06,7.423574056857164e-06,0.047791418700101604,2.4729968882078234e-06,4.510744971144843e-06,7.021776340988221e-06,7.701951427021451e-06,6.135202469410924e-05,5.095753234487928e-05,1.7562552296217706e-06,2.8052863842312156e-06,7.359856860628998e-07,7.573337901685522e-06,0.04766624448707214,7.692435232497264e-19,1.391620568426925e-05,1.661831386546282e-05,7.832578772677175e-18
0.011124022279652201,0.00037694109568058595,0.011676613947732731,0.010522085745133912,0.00813723784976747,0.00828794224214492,0.009267876062302451,0.027244884905355003,0.00871643600588965,0.013686851600959962,0.007278400363938904,0.01303684439430186,0.0075888788004923715,0.006792950841170363,0.03655203839994839,0.015596971218098837,0.014763503790437926,0.0366048694314907,0.03659588166031648,0.007244494514505962,0.012279970234712553,0.007016336911805253,0.011831511907602912,0.006713904300284882,0.01472176387548478,0.009560048526500846,0.03545237347633296,0.03387626077362087
0.03714706487006218,0.028090507577621847,0.03435341029753798,0.025362834267599235,0.03787786062457332,0.014249925063627045,0.027539183147794688,0.03800652678205094,0.030404637546262114,0.03536355054810775,0.03631360781807433,0.018581747498278386,0.03650227445994013,0.030197263829846655,0.03215203797725674,0.04451369466463513,0.024238975986927237,0.028088595027977368,0.027058358082871235,0.030881778516277526,0.030944223461693815,0.029769021530956622,0.019430676463673226,0.039559182874951034,0.029772860664324483,0.019894542687565957,0.024331817179547847,0.03054640497658495
0.02932390995839692,0.005472608334857392,0.0007641606299295432,0.009859241730315391,0.0012355675282910506,0.02005392272844419,0.004693836198237669,0.029215850725563812,0.003095641274956034,0.023512856009005767,0.0026594600646809045,0.00417097846124994,0.006319796466643504,0.0002859155749057852,0.0022918865469531125,9.116621507129237e-05,0.00037149993646758345,0.003129271993958885,0.0034569131469380752,0.0016294602911420234,0.0007497534540396717,0.00943978016101421,0.006188813617793862,1.1713280790033694e-07,0.001526682190812792,0.005837982765513452,0.0047590883118936896,0.002805042650007397
0.010260870146409699,0.015108701154606706,0.007727056305769893,0.011162746072084395,0.007666758417335703,0.015372498375936756,0.013663863938885431,0.00617879242521681,0.01578633958933237,0.018510847262426605,0.0033446182327643657,0.012307100632104414,0.010694161289528546,0.006505142714322779,0.011034102567293497,0.007813960194355382,0.0073830982763086386,0.015265261903796696,0.014384911907309348,0.04460806614865374,0.009688019328110241,0.011005053543316549,0.011178954234286918,0.008960314241192594,0.010930481044009566,0.010276439138469422,0.007146836070880513,0.003966964659406564
6.345681436553409e-44,4.297821875326455e-44,0.00440631511022419,0.0038773395485354745,1.651761368117464e-17,3.4279843933626623e-07,5.0021444834208384e-20,9.22200010279272e-139,1.5161107484229832e-23,3.913012687256261e-23,1.4571532837794167e-11,8.773734103541384e-51,1.5049827669174154e-141,2.9299331282644164e-23,9.031523082624133e-50,2.2957112750139112e-33,5.9680472451744395e-36,1.1805658509424549e-95,2.9069466353513394e-71,1.3880485755855092e-230,3.98436127367628e-25,0.004364800770606832,1.109131309757809e-42,5.580737255283865e-112,9.173070292780817e-20,3.6746445913227074e-54,6.203319350489143e-25,9.546601889109648e-48
3.1679882297450165e-78,3.0821780356811806e-62,1.0971870561970799e-123,4.4774155968908806e-58,0.0007580858843374705,4.8942269167620866e-80,3.912408723707146e-67,3.88688398678874e-65,5.35792284754644e-75,8.819299957775063e-90,2.310637996000786e-65,1.0548549455061207e-73,6.930450080624403e-153,1.444499444382753e-06,9.2885513093109e-60,7.781233433791703e-56,7.47232325042188e-55,1.6355404753657406e-55,1.3033074411800498e-39,3.704662924620119e-70,2.4230277859759046e-76,2.4010318634282374e-75,1.1668434059185314e-33,1.1110815701928215e-11,1.6256718568295058e-48,3.1143264528206135e-32,3.476709160884228e-58,7.841142291666269e-33
0.009905567142006914,0.0098011301991785,0.011054859842110798,0.010032685945401928,0.0093007568047265,0.011585977421417886,0.01025300329829753,0.008791846447267368,0.01156855195014087,0.0022939941162403925,0.009016585430093921,0.029595124321207048,0.03619030597486335,0.0032617711818736686,0.011559713945816268,1.169975400274678e-05,0.039103536851509246,0.007699573407414721,0.008831230486997452,0.009902780969870269,0.00857405412773866,0.01050307908944821,0.013974574685954652,0.032659692947545664,0.009651555167390432,0.008573145867745238,0.004197373430333955,0.005506578842952664
0.04611548757088793,0.046145589362173285,0.03249698793873732,0.03140972866298147,0.047021639155500575,0.04545034788762442,0.047687144824197426,0.04097681206646188,0.044327484768691944,0.037996585491270954,0.04187393608750619,0.04353466759948239,0.033369052601375064,0.032935852364069214,0.03717166477745835,0.04283398023023093,0.03489653526725823,0.03895207337157855,0.048493967719525036,0.04425816116431277,0.04216757034005256,0.04428702847991915,0.04045798432492506,0.04685195458253264,0.046684063659855696,0.03988494473837539,0.04771432242892856,0.0360490274094033
0.006930012466316108,0.009579744365485802,0.03466615421565632,0.007959019430509341,0.015549394568911917,0.007206411051630933,0.03998858340835391,0.007468232459163433,0.0075657376015643655,0.007180895509279958,0.0030196945971086224,0.007133729565264244,0.007863538291688779,0.041509250954793554,0.009946676850221573,0.006918865955496778,0.006858359091804645,0.008368007818548564,0.01013858542382077,0.029073281470594122,0.010845933757143829,0.02073856670721256,0.008384283705234133,0.007480345670061301,0.009031909226535389,0.022342781511089455,0.013912136390827513,0.041775269274894965
0.0383096589018546,0.045213866480870064,0.04834370322981117,0.04019588751079206,0.04652728719262836,0.0397741177453072,0.029960658929520448,0.04845848414224872,0.04842492558865903,0.037947269224783794,0.040161123239598556,0.04569172656343887,0.04017186104219822,0.04047857561349789,0.04583422541641678,0.039610309074226496,0.04364516280391802,0.04774720751759835,0.04788525817022568,0.04458043016559833,0.039683456158429505,0.039224614259340915,0.03640756033952461,0.025764341273782417,0.045787388065826974,0.0433018628398331,0.041277588372739454,0.048022679882763354
0.0014296087143194258,4.798750826130387e-07,7.989905878158374e-08,1.5290157884098683e-23,2.386008089287919e-07,1.2776289872965757e-30,0.0010492413834390134,0.0009645191976881187,1.7658154980178544e-43,0.0011843054268981575,5.043243352271476e-05,5.624889431133465e-05,9.498589320332418e-06,0.0006410662684775291,3.4111975706029603e-07,0.00017075474563949306,0.00018607761352014673,0.0002462788013680587,1.9638729176433512e-05,3.442947296275705e-06,7.08979343343917e-08,3.0775976272795777e-09,1.906913710041638e-06,9.732712623412011e-08,0.00013972093285523517,1.835588708351599e-11,5.772981463975112e-11,0.0016099233294000713
0.04426233605176981,0.044990471031284625,0.044737828698295526,0.04185563407156531,0.04416635869509152,0.04118104920352639,0.0423993716462939,0.04390945639933426,0.04556882739235995,0.04367426713025242,0.04074964524785525,0.04437887523231326,0.044231532681417246,0.045005656860175776,0.04452702289190458,0.04473795429576863,0.0418203916839639,0.0432986647223483,0.04598429191431937,0.04434766768938714,0.04378630002115082,0.043912551299188,0.042842982304103126,0.03824092949118432,0.04394261010857508,0.0440786371149767,0.04226159046934463,0.04346968415848879
0.020171278943457965,0.0359474795345435,0.02592632649235868,0.026924495019817068,0.03884866253679116,0.04163034955449771,0.04369725127098796,0.0325738304632728,0.020026544108775142,0.025484024083558723,0.03479397580890645,0.04192300184539599,0.04271620609154114,0.0314757480501715,0.03061515453169554,0.031081813115677214,0.04146703043484172,0.04178767805281901,0.042546430458364155,0.04099481395813116,0.03024125215837613,0.023336748383523665,0.029362372639497314,0.042164573367177924,0.023729067782262005,0.008108896118950161,0.04154131057650427,0.04413800739888646
0.012493398354792476,0.01958112310490372,0.024884434188660876,0.023242715176106626,0.02220862812863238,0.025481678682840393,0.025887397493657795,0.03607828200487252,0.023581559160553885,0.036158130303647416,0.032739654781521355,0.021967840553275383,0.036122269534373884,0.017824224806962975,0.03638445008405375,0.019742393352505126,0.033805186676199375,0.021826591672346355,0.022026323341294948,0.03615811817392943,0.03592840535374976,0.030704084529205186,0.022529603039805692,0.03549705454011144,0.02188970422232311,0.02331337951478359,0.01898452562593176,0.036637668312888935
0.04505452845528779,0.04238451707852971,0.04472043386325983,0.02883801297309578,0.03610280057818549,0.04210907980088331,0.0449930852448569,0.04481943898404159,0.043439471220829175,0.026774694488276237,0.044363406638056366,0.03957485419532842,0.04404678843925776,0.030229691127315588,0.043809587134760304,0.037423357446041014,0.04471256771329635,0.03650343322772047,0.033500613893807034,0.037187662978759584,0.03948584462453635,0.044451809366156725,0.042254160022154943,0.04506971335728745,0.04377637368660932,0.04071183669935474,0.040455530994362,0.0435232901725056
0.0017396646939989776,0.00015252832379497204,0.00102100961360261,7.430777735857767e-26,1.4722633968547927e-06,0.0003731436895682904,0.0019592260854012153,0.0012733195738429005,0.001120717370867111,3.0761772666320773e-18,0.00045354370272560025,0.0009640059508456136,5.207620714403134e-10,0.0017867804643405714,0.001393062106859449,0.00015066011083909392,0.0010590991785435861,0.0005609425474459709,0.0005046096908287348,7.234625856053448e-24,0.0012742312181145896,0.002237364660747612,0.0001462447357648483,3.2080499385388827e-05,0.00041715817634840066,3.439162543980456e-06,0.001994105722168585,0.0001299499967874733
0.04708148657215585,0.03860649429189766,0.023837961973749468,0.026692018663681996,0.04689629157016783,0.04824152643059171,0.03905278093756456,0.016854926405372735,0.042602046440364076,0.0303539827824909,0.0255174502595171,0.0423634259299178,0.047634469032339935,0.047824933175638296,0.04712142399877224,0.02923350579019548,0.04715796507947917,0.03718374065539941,0.03359387258697428,0.047600405865069306,0.047788765246846304,0.047804437295578,0.04723883957389258,0.02866371791055167,0.03408125662360274,0.04819849037959163,0.047921558513376025,0.047732310641877156
0.028086605133144725,0.04750933167473445,0.045723824406839794,0.04596738433904578,0.0472376384545775,0.04804929315563576,0.04494429434690311,0.047645638767388906,0.046439636084040684,0.04788807251409857,0.04572291162543296,0.045063443477523085,0.047550925655379744,0.0484597633452732,0.0450696423637654,0.0318766225126618,0.04440383153590066,0.04514489045972861,0.04600281105366585,0.04746392121329894,0.044447189477994434,0.044384837698001924,0.046812298191018065,0.04279772089993946,0.0446994687258305,0.04718187443640717,0.04801853646013215,0.04837898449726362
0.04222600340005079,0.03662336807852022,0.028312923717448583,0.04495138664748487,0.04467445345985735,0.03826789926265126,0.03271637338187085,0.021181351418273875,0.043370702370444894,0.041875598604147905,0.04074306636376832,0.03221734813905054,0.03923926532898778,0.02733157761424148,0.03209322377300809,0.02620072408865903,0.04230964385591395,0.0289887226203389,0.0404437158535334,0.037800802973355696,0.04120945555082865,0.04025472550092624,0.030294326510706508,0.034396001304419194,0.04466538659311293,0.042074901658958434,0.042070527921337385,0.02514112585296134
0.04817768355730615,0.04815779339824835,0.048205708528361646,0.04791304064318387,0.047962732284655564,0.04823187029423567,0.046617636471952134,0.04407972201575173,0.046800226774012244,0.04645108508406755,0.04838020470942969,0.04776668452720864,0.048365823063247784,0.04770560556217383,0.04846717003703013,0.048388049904100595,0.04761167065380527,0.044752437141740556,0.043310833992668676,0.04689441536746868,0.048142702831391423,0.048330978007819145,0.045688511508299924,0.04827743697249365,0.04793143942546149,0.04742889174717703,0.04833219727642783,0.0466660588766693
0.00788869875435197,0.009454728832546394,0.004521311713308884,0.010181790381578543,0.01022136368425115,0.004553615576849602,0.01192751710173174,0.004336227714082245,0.001926376808014887,0.007147589487134742,0.00542333684778441,0.036237974893114484,0.005208717519507591,0.006856360713791563,0.007573685572772148,0.0010856636218115577,0.007487009577731598,0.004306978744068956,0.004884502265919277,0.0035712512876089004,0.01006934779815464,0.011219982824408219,0.0064602255098507285,0.006501210373600058,0.00848165699220842,0.007408079031560848,0.00716369074022413,0.003664338846251779
0.02649129827193268,0.023468594967089383,0.035778973758625,0.0031352477559607214,0.0022752966247241682,0.0248265080658802,0.021069998075934064,0.023094999135281197,0.018055199926604898,0.012180551970335882,0.017909537623970344,0.02389057766377701,0.007874248087613153,0.022207207472095102,0.03958275263687239,0.009313030744675335,0.028111155157680187,0.01487732961277612,0.02089762836025158,0.011917357593955012,0.02321333560168806,0.026689178443989152,0.024762161863462043,0.006631703453802939,0.03320239686132078,0.044361837497510936,0.01246952147089152,0.02286616728058051
0.034912819619356716,0.040576030289598886,0.02691269377575635,0.03233344129904169,0.03830868646536101,0.04214150769125008,0.035426466100242804,0.03546826662558686,0.03177506931447556,0.03933262037679465,0.03992352135871266,0.040881146901732265,0.04117693137705999,0.03836130852105149,0.02543380387345936,0.038758059826783174,0.02998327633467056,0.0303484677275041,0.0385089808760216,0.03743655423964269,0.03874058557778724,0.03731725967296862,0.038017564564425746,0.030793190998762772,0.041584999421242136,0.039461973598359026,0.0409328783828844,0.022101136060684076
0.00040467969574752103,0.0001982685282493733,7.002763595570486e-05,0.0006871253604645528,0.0030021785283114023,0.0003372063868579725,4.479965124461298e-06,0.00013336731564853415,0.0015376200903957564,0.005298062228483417,0.00014532235556787937,0.00037725081800433564,0.0004269759323730112,9.261327265521179e-05,2.0013783720074885e-07,0.0008180979546484687,0.03667521819594399,0.00032887973069757956,0.0002842872222855826,0.000535387692303728,0.0003728694278387004,0.0017889131070373424,0.0017844905554288517,0.0005940901302897481,0.0004976844999075988,0.0031524423160612333,0.0015332888208507507,0.0029252689362073677
0.013086113341667333,0.020865392074864007,0.016270615954840237,0.01589490301095993,0.011652188015046284,0.028102538308946056,0.016761993069852515,0.008488314596202867,0.008326427070049453,0.01665414320120433,0.04026222582146777,0.01650290106014626,0.01731800285795628,0.010282580663772668,0.016118340863054432,0.019963614546236262,0.016158436772553166,0.01665121113635168,0.018257952612630562,0.04403310587252774,0.0449790695780114,0.015444582231902832,0.017220114835260987,0.022973068852431548,0.018610746907565777,0.013384344770363847,0.017213537648766514,0.015664154994045734
0.020788985397964165,0.0100675318381417,0.0195395925160255,0.039557984896893286,0.025608331573109815,0.02372208512477407,0.0393543562675244,0.032854532746487294,0.0038080057533799528,0.03541316686811803,0.0225793193082677,0.03340801894770043,0.0262305458611954,0.005391225937398598,0.03615538955399155,0.03079273741764621,0.02445389104613679,0.0029802152550854845,0.0038771717562031,0.011193657099477628,0.028221188167116155,0.014771076879139214,0.020915700191950454,0.036333297710861336,0.011560113222298994,0.026629290696816223,0.037823036691302346,0.03741276595555389
0.0008282282388037481,1.4309403949199113e-07,0.006695551292106439,0.0015376615510086504,0.007682276050117045,0.03692162012782718,6.391466493538807e-05,0.000409528771399167,0.0028116043180020783,0.015662101408727282,0.008670133066883214,0.0002048499466810317,0.009466751577878978,1.4974997134917635e-18,0.003256030682339429,0.017171557893273532,0.017288047717225013,0.024191948904291147,0.02440922037098433,0.00024684895920604796,0.001573652512221657,0.009299353501520596,0.00012294969196624528,0.015945650802962952,0.017391482345010423,5.0094562498711346e-08,0.020141837234885846,0.003175397997284397
0.03567655436894912,0.030112510985068786,0.0378250010101826,0.02873996175702486,0.009016826463920106,0.010887340723608665,0.029883406875657083,0.040706548946282256,0.00011762403314292909,0.03344066118628772,0.011807597215727567,0.02894245723420539,0.037965874469473915,0.01820289955390494,0.03538054772515133,0.010715937173024982,0.00853726048320445,0.006131912968492408,0.006107981565558476,0.003023503442446743,0.034364706483098396,0.028751061727061874,0.031426135235144176,0.020061146216733834,0.03606031197008707,0.03190102705801212,0.0022401982835427293,0.006280298485148763
0.005792449658408615,0.008053639252623208,0.0035913861862054194,0.002351404481337248,0.009224150396443736,1.4101958339613689e-11,0.005480861645753064,0.007202548376144606,0.0004801570641755934,0.011503482111746479,0.023125761583510842,0.009346636868077692,0.006997330925482369,0.006009245026447817,0.003344175911676477,0.017436641710517835,0.013478937474696345,0.00329579837523513,0.0031447149531408274,0.005233909543699627,0.0001373188850617576,0.02351166319493752,0.012134222177572852,0.0044293663304473384,0.00782004442942166,0.004243379015520117,0.015449745779190002,0.007721463761100028
0.026148122658068745,0.036241747039568215,0.03560672326593101,0.03593183940645535,0.03156065276122927,0.019418847894097757,0.03758036671262236,0.019407549006978126,0.03505032244363547,0.02113599287728157,0.034696357608515645,0.030660990550706344,0.03294098309760292,0.035305349622351885,0.03649488573677606,0.029246410087399387,0.013311214513464223,0.013556338478539886,0.011663245869666411,0.026963997071437838,0.03646463077913331,0.019468386970415343,0.029403618577527713,0.035489880170752316,0.0363128995276384,0.02388002786039358,0.03625326597388789,0.02117104952274282
0.013133825762201684,0.0036745165574759023,0.003806766239908408,0.006186456920595097,0.003623677344337611,0.00378702110976483,0.007605897918546429,0.004313898599800744,0.003801041377459061,0.0040231377034121414,0.0038259190110485407,0.006272005431348484,0.015775057253304924,0.0018769121794918304,0.004098636552249028,0.0038382908444692257,0.003806648994994211,0.0038908292266636997,0.0038799983059325137,0.00410854297930407,0.00039925923197276755,0.004559551634351037,0.0047300661536215285,0.0317218649899552,0.0064481162144886155,0.009616694576381084,0.003959699270917473,0.003790581676607879
0.03124668497693487,0.026452316507537998,0.022685776241072785,0.03650564293968654,0.02246268510207001,0.03775724987841843,0.009518534862818097,0.013672857291065878,0.015359452910444028,0.013617362349053983,0.016132851011338045,0.012336520895517539,0.03176429221498411,0.0232912899876272,0.0096982147508568,0.01543003627774119,0.03650851866370871,0.04120631879379921,0.039036438976463375,0.013341555546134493,0.037726500795258355,0.041972294639908314,0.04048435506094476,0.04136105323270814,0.008464104649715405,0.010345470803772926,0.01321661543746357,0.008743215795051317
0.03686931902325741,0.03947907974399627,0.04211846432662453,0.03860799223988588,0.03944653929283955,0.03953638668044479,0.03937706017655977,0.030966214939180177,0.04059805377002562,0.04230118352214988,0.039108508905868124,0.040344405127653776,0.03762737581900268,0.03756546042597834,0.03749504630807145,0.0418078531126984,0.03817925257551569,0.04475373772120525,0.04073183121384304,0.04213383786663879,0.041067740974935575,0.04463364131939652,0.04019418658694951,0.041126479535430284,0.03946975916340788,0.03931844172203853,0.03939008448998254,0.03934046579259757
0.00406152897536965,0.004565276088546742,0.0043779855011452165,0.004390844896018756,0.0041475712936230175,1.5097632524032148e-06,0.004664530016197288,0.005870912512196553,0.004363774187689453,0.004358010576663272,0.005267407160334848,0.004877166018125049,0.004352335815487961,0.004243415661819359,0.0014478493274738922,0.003872481251045047,0.0037543236419620538,0.00444531537109397,0.004627114481808746,0.004431476619142671,0.004485037030082201,0.004223849045756463,0.004708226865644739,0.004457629495521235,0.004589521174241606,0.004620140141893159,0.005394631154980076,0.0044772800488555205
0.04776527403480356,0.033580496299995405,0.030350119793642917,0.034317878057959536,0.04687876680323784,0.036913027518075084,0.03437696619048026,0.04624035686556876,0.036900475168725334,0.048371983669895605,0.0422181677371904,0.041467229051596353,0.03221609136185118,0.032923728152999154,0.04609619470798618,0.04691926534995226,0.04696806626513059,0.034168520776141964,0.03468083727009617,0.03470742953875669,0.037728955380235664,0.03508600866780612,0.02307610697873915,0.03258920258443279,0.03181981919377591,0.03468158006914364,0.04114388219812356,0.034616826293341056
0.0338773471931679,0.004336512095480677,0.023652272927413256,0.024251374614283568,0.03279192952184269,0.03147008402496986,0.03711465584257785,0.04421395633155696,0.04243396079324535,0.03817893290893763,0.02510940802286488,0.007474226684742416,0.04199994213091156,0.0456383618388871,0.024351331269087735,0.03437499338202445,0.025980984552368434,0.000455564019315828,0.0008830313754235077,0.01017926955046058,0.01989911332017639,0.007883587133020243,0.0050407348050475545,0.027110527159176966,0.01627465949902719,0.035404911466364535,0.03188537722385222,0.03208692255270234
0.03083459342835592,0.032936340034473155,0.048288636753009026,0.03393071305689231,0.02693138902549478,0.0425250877513039,0.03621318135706603,0.03422972939618742,0.03587793413104862,0.04441584625001954,0.037710516142436715,0.014498537440751177,0.042128789545040374,0.038506541054554894,0.030911773168847214,0.04040353124052407,0.015158065334824538,0.011052857438700936,0.011964434972608433,0.04255197480323697,0.044953921325206744,0.03442634766531136,0.03416097364319119,0.004259221417158343,0.033975131496731294,0.012578277612177925,0.013027807622018581,0.026049135620839936
0.03409729264655444,0.044924255170922925,0.034732921332081196,0.04437735568142882,0.04528665789203435,0.04828138611992071,0.04848992565372588,0.04447078556003267,0.03421010630795378,0.048187048581904146,0.039680988603188555,0.039316519034947,0.04833677414047156,0.04837007025713359,0.04505966781276667,0.03645732844162351,0.042190210578187,0.04440180841217889,0.041700449312459156,0.04602909362665514,0.01898006013096197,0.031030693004962893,0.046298532234291215,0.03722377528311978,0.044498698772542006,0.04485799418546964,0.030627253110463697,0.0450607744449856
0.040662920613415005,0.04300955430340833,0.023881950765376185,0.03453498250713352,0.039117624673486236,0.03877833739866106,0.041331623604929396,0.02265442270511874,0.024829381073196058,0.03527952070432211,0.02861992933631946,0.024273430918561885,0.010574429407699641,0.021731930832387808,0.029527729991733156,0.029961651981348203,0.03777562275704646,0.012571587871242504,0.020770002364818775,0.03479169431897412,0.04073890394906887,0.0367339448880285,0.027500794054757773,0.04491423835982636,0.02405617583709735,0.04006833117062364,0.022494971574152624,0.0343740244411552
0.006080927317937357,0.005643477621592439,0.003041622689906959,0.026650238687756612,0.007071339356093338,0.03724518566715073,0.009468412038078805,0.008220419889464741,0.026356310618626366,0.004971268278967265,0.02676126098141373,0.009528567102001402,0.0041532316446054145,7.71588355114412e-06,0.0074913966521415595,0.004019158316036361,0.00397872408274393,0.004096933065364843,0.003495376310452567,0.003797839014003179,0.020669614310832765,0.032750121822263445,0.01005043540146006,0.009663193988467225,0.008278400894264858,0.006675992262502006,0.01940113471090505,0.004214085979079334
0.013865496808185992,0.00685212251118161,0.018338826273168757,0.019986527910910205,0.007011473564536644,3.24687396388044e-05,0.008251847808510914,0.0103356267964205,0.0006086573767367619,0.012158388671021352,0.016047692475022454,0.01279445431274512,0.009660083899245418,0.019330222398637756,0.011700495835566435,0.013936618098038379,0.011911480676890367,0.002094906707556339,0.0016092439425008528,0.008113391316933546,0.014948560076520782,0.017290628601010508,0.008685952617645312,0.015463319742355552,0.01130901125143191,0.01329870937369067,0.012199021130379455,0.012463090599035432
0.013642656769360294,0.0018805749687139783,0.022366003631677855,0.004074347769875001,0.034070618480465165,0.002950971386719416,0.018707850914560283,0.0021416590093622824,0.0012488072772249869,0.0010769149776671235,0.0021247438889536513,0.002758656981476713,0.005514662176477407,0.001081206143863349,0.004234872195686235,0.006580513135412096,0.012081708496070787,0.0024438842036735462,0.004347465545906901,0.011909651262587235,0.027155517506976024,0.026562083541140882,0.006935899683480816,0.006192772008578342,0.004115231176281695,0.013028172685759364,0.0005325147475551796,0.02933177818944949
0.004417815829600813,0.0032939289087871955,0.00018671817620408837,0.014897398563431863,0.0037431191311500527,0.004463804557937705,0.01679501273950003,0.0029256129211716404,0.003351324540951414,0.0031943133166792027,0.00044111477356673827,0.0031218384846901557,0.003176068664179125,0.003240081880896162,0.003585074096677439,0.024465955290499983,0.003252373796051452,0.00902498089665067,0.012885560994161344,0.003481515985312358,0.02072049289495849,0.003429969782430433,0.0032355760767147717,0.003152426073397804,0.0032570268357261876,2.3232924515524633e-08,0.011241627164888763,0.0033013191454863335
0.017458887902031983,0.01661888132253031,0.009872203428026059,0.004964353813918722,0.009724746874051105,0.01469963169109342,0.028293949807273112,0.01788490231472169,0.017819120835856475,0.014186539930406946,0.007542586666084711,0.01764050535468145,0.009510146486420162,0.014079179324523924,0.021193312212452638,0.011941711789678872,0.028985834664728795,0.009547309333925502,0.010543826494580577,0.010592020829523287,0.01506735411400809,0.01431036100214261,0.01577360026750865,0.009314738339352308,0.013232788779573151,0.01801912533591666,0.016750610557980196,0.012736853351814742
0.03036713144555074,0.0439050779801786,0.029015956537608106,0.03932339708007762,0.03464345676568009,0.04249028966456567,0.031073351273540006,0.03420008695536205,0.03627073330622195,0.04094968956228647,0.04227357606800948,0.04286422763452033,0.039386890242868004,0.038370458431680764,0.04131024507183159,0.04132018780419562,0.03883518977671406,0.037798271883527176,0.03523697976322815,0.04514595439208649,0.0410113477205427,0.04214451226146122,0.044636345312394056,0.04168500163986664,0.04187884863790692,0.03990523980095791,0.04306413046604346,0.03837406133916915
0.029662891705527817,0.03845170522332002,0.04225363135795256,0.0023590616031212907,0.03238261052642094,0.03673633761733328,0.03389369036977859,0.030169458844945526,0.03357593963642237,0.04166168931260207,0.007654916808280411,0.03266440996960829,0.005989658410821298,0.03918277806035789,0.03204011221076749,0.02053737773501937,0.03611966123276592,0.03795515522037879,0.0364830122976786,0.03979496951927573,0.039835172850516284,0.01277830463995784,0.04036582147803816,0.009676502283102514,0.036553294699553866,0.04439901399128877,0.04242504522620781,0.04521970955448153
0.01644646836958465,0.03382801011437908,0.03180255197084275,0.03597987292169536,0.029848137442918185,0.015453343556537068,0.027701727480149676,0.028181749712684098,0.02952930929270552,0.0235849101226649,0.03499299254424516,0.021596245064845046,0.026534235159676945,0.03340848635419716,0.02778985454259099,0.03162401413052358,0.026961596192974245,0.03653266966525556,0.01950471392855422,0.024711539519088267,0.028994140669458348,0.0285243153282615,0.034975547309590495,0.026756712110305295,0.031125413013867953,0.03099549260979786,0.033979631511017336,0.026814280137145173
0.04248210153358242,0.033905969627655845,0.035019369651845565,0.03681965529643227,0.04142971048168747,0.0430070008604574,0.043543283974466884,0.032111978346956165,0.03867395297728751,0.03962412923589527,0.03896943985661419,0.04477941420255749,0.04435945706964653,0.03441598720185961,0.035826617716778364,0.04478447965337903,0.023855199591076397,0.03572054503174923,0.03474795706229493,0.0335678492317428,0.04127883431568452,0.015488950056203689,0.044881040022277746,0.038867093631721715,0.04427747212358642,0.044140646269759276,0.022741871634467788,0.03508213512084038
0.023169270283884207,0.013561950910556963,0.005599715558137346,0.01661028854026498,0.014382091894780886,0.019038539311672757,0.011482088858237323,0.025339879523677625,0.02120773298073985,0.019929532619014024,0.044335980908265384,0.01997473270711097,0.024538753373434495,0.036669941671083256,0.023781542366102817,0.012458446428299545,0.01592500289516543,0.014204638148725815,0.019183947334544926,0.01842290276056116,0.03804033219081551,0.021981397900184607,0.02292736218413616,0.031904390403735605,0.021059945648479038,0.017810485659100615,0.024078282536438192,0.020821651335781368
0.04166623159529591,0.03529341132136115,0.0038491960262668316,0.005601590414166963,0.009012698135555008,0.013451502483288122,0.04060879037450434,0.03235004678942074,0.0371343387207424,0.006220995989491799,0.00357315206918681,0.03703451381581255,0.0023538400559768714,0.03314198358867185,0.02856107408648622,0.006893132516146417,0.00342512302168232,0.004755936234361905,0.0049540663689651735,0.004652254388863236,0.040712544996766534,0.004033298481346586,0.01814851204649612,0.00368381661379787,0.004304756123461741,0.027749726803318425,0.0029760339125352257,0.007394883028511045
0.03875331830331978,0.04523918845384302,0.015296931581192122,0.020239529226727018,0.03526007116617994,0.02453361941680091,0.02988677704848227,0.03053639991889211,0.0230072495446263,0.04344773042043364,0.03216422979411471,0.028232677584135113,0.016357871905494332,0.037349437895159626,0.032211020646150675,0.02620806756198362,0.01414730998319499,0.016342106350754004,0.026875571914068926,0.018992440718448682,0.0027119187009738066,0.024594094104669333,0.0210401683367635,0.022596693109900173,0.024734916384047092,0.039127143729911266,0.035203190129334566,0.027710909223325034
0.012213979781123409,0.011234837268763183,0.015665415205869174,0.01926488860587318,0.008050224327658357,0.012598814477480898,0.008122770199341678,0.005581102272437305,0.014225500124791563,0.009009654773284555,0.010137175738879421,0.011301694099953621,0.01249751616870616,0.015520959962747376,0.0005150619321813991,0.009275758128767502,0.009429931817875728,0.007464375655647363,0.008907684179480383,0.010026144882285488,0.011706956643780861,0.0029850209617783806,0.009479510068256354,0.010710838205615789,0.010769972371401395,0.01796079373618578,0.00784415156354485,0.010819446488687726
0.044990266580284426,0.03369340302700173,0.0430428912105813,0.032436951754604135,0.04336395856780377,0.037876276992931446,0.04350486455562447,0.04242620072028743,0.03884844605546186,0.04393757404323262,0.03228617399412096,0.044011390418555216,0.01250004579807587,0.005914671692880175,0.044000943765297715,0.03584469165907478,0.008605848192616464,0.042451137650490946,0.04510692001057026,0.041465034992406787,0.04368167561248888,0.044928332742957516,0.033561468344119987,0.018623092653151988,0.035605300876872796,0.027237873357746946,0.023313802083585078,0.045029712770862894
0.012930863092953982,0.009021730583423024,0.009142660877260936,0.009156755103626894,0.009030605660806944,0.009732156040888408,0.015768691974639648,0.009989635577384927,0.011577769927776836,0.009415270433839653,0.009763529502465887,0.008866719281858164,0.009503260763268672,0.040041302514375446,0.009239353068052049,0.010421572023526025,0.01123470955564595,0.014491923569985405,0.027824269957468124,0.009000121296502203,0.013325192772805354,0.009360634460263483,0.013113271555612701,0.009153209911083933,0.013256724654189658,0.009534108162787606,0.009162744510689717,0.009400145651074932
0.03668175212518246,0.02841459841881452,0.03461198711538129,0.030252918580946433,0.030620383244327216,0.0313753587291429,0.036178812241244564,0.03651616533262166,0.02585250494460905,0.03595838750328913,0.03663952988376284,0.034987886973482235,0.028964730504713834,0.036182770761958485,0.035498572430029816,0.03898275802279515,0.0362338167806356,0.02858071389818969,0.027354422201560633,0.03482692095855371,0.03617367654006134,0.034934517195255047,0.035984434696401876,0.022681682561193916,0.034878281839400706,0.03681680182035074,0.035100833786527695,0.03196848698420887
0.007241160058666448,0.011553683395356045,0.007723390262596077,0.010690684593739428,0.008536142907504199,0.00832530899610753,0.006223875076030347,0.008333673172600989,0.008167596740366856,0.0013437286572448432,0.009135347307350808,0.007514752638944085,0.008684564246364268,0.005408438613138042,0.006844684197674856,5.329115502157332e-05,0.007283802755171691,0.03668013681182815,0.008579338704050221,0.009726725101745201,0.007967981043983859,0.011368060522898857,0.006809409967666673,0.001132636356209514,0.014238046272127752,0.015492622357582829,0.0030088029088422815,0.019902306354480682
0.012456086327014226,0.0449348381398134,0.04413772829928697,0.04466958145430506,0.044452760345517234,0.03859267500077896,0.0353847144740924,0.038398384738011,0.044556274733547396,0.03968335891604344,0.03346522918853869,0.04515492189338899,0.045150870336398516,0.03597091023425307,0.0402249025530626,0.038581430017228496,0.04304410744650962,0.04367970998685214,0.04238647508333733,0.04350306435321116,0.03870349957587842,0.03942387362621217,0.03859718462261878,0.04021670612038913,0.04485272663148619,0.013418152903751403,0.03845411807792229,0.04455302756136245
0.0334953526333746,0.030949560682322054,0.037630571800397535,0.04112505432292925,0.0235508240708528,0.03390817985987582,0.039849208400292144,0.03695428024259523,0.02980799267065631,0.036618244047482776,0.02607470471759256,0.022388095527679064,0.020524752713576434,0.035596324234300696,0.03764850801187646,0.044207314933763425,0.03749277372237156,0.042893299798723694,0.045101367635261014,0.009533014126729925,0.03675708458939696,0.04243366984650007,0.030220545968976765,0.04467666966340472,0.02856536026988967,0.04480074411787884,0.03397968435390848,0.028773207698020227
0.00847002594592616,0.008142155870076266,0.009059879949090974,0.010137497835281938,0.0068240503944441535,0.01825032540934831,0.033061207359454364,0.008773504229724137,0.010590296000788701,1.056113931551431e-08,0.007866437510429963,0.0053726497308835275,0.006501315614174278,0.004944701656321849,0.003772757226346934,0.006621199058217264,0.0066555769645685004,0.008969494269354799,0.008579659112146986,0.00704401740807318,0.006400102410440237,0.00787625582606842,0.006038774583698546,0.0066100812842675065,0.005972901410536861,0.029288800482489115,0.011800072034163334,0.019295388600750748
0.0440744786566204,0.04370158649077309,0.027238044819802004,0.03629143302498041,0.03714794602780443,0.04372569655551432,0.04503002950180526,0.03188870517277545,0.03054425188659099,0.04518794684268125,0.03703975999128259,0.04439928814225795,0.001442625925730261,0.0431566821857521,0.04094295348042256,0.0415741428580606,0.00953682608834033,0.03874783320865138,0.03927111060599638,0.0281986274267622,0.043318671025447224,0.045023909979108497,0.042001564282753034,0.04460895818256896,0.04068785324114836,0.04122702666678131,0.04453088129096909,0.044163896156764984
0.033896487016300964,0.040721267037591366,0.038034432741771075,0.027848756690535763,0.0421255728758982,0.038050875881756915,0.0442494044856229,0.03997429699013681,0.047202552560292356,0.03997131620645415,0.036080289916075245,0.046287554126174905,0.039878031749653466,0.03965649324406089,0.04426903268549658,0.043185825055618826,0.04409980709053789,0.03330190957683613,0.03590982033767178,0.03241890437924641,0.048482520411055094,0.020157070543655557,0.04827823406052967,0.03291137748474903,0.0387719059169067,0.040423939160402,0.038267628293447535,0.03833660716459593
0.018200667463155934,0.017953425283341796,0.018062967779899707,0.026472765009988006,0.025740600670638398,0.018795182945432108,0.02343901938259941,0.010385114015820337,0.03537719812701443,0.018327125778395365,0.008411503043924566,0.036689450059284985,0.016895331820951785,0.018782736717733076,0.018785157460270575,0.019042489707231176,0.018983793792803155,0.03714281794651127,0.03869776618794014,0.032101233617180557,0.024837418471888327,0.013849601461480648,0.010896152008592438,0.03802802620883712,0.02136692347591871,0.022938284330996803,0.04037634242568473,0.02068999223070373
0.022072124290256283,0.04288017039955333,0.0002506919576100396,0.012335206002088966,0.005713662536737879,0.042897537282664745,2.05374252123813e-06,0.00248369949698925,0.0041887093013451985,0.0010669737500052247,0.035320771446084115,9.051943003924827e-06,9.879518087305329e-08,8.994853918723396e-11,0.00910432543619356,0.0006138631840928645,0.042351711170489276,0.0002875817955282128,3.734602818979929e-05,0.0023211811181938166,0.04519156647507104,1.69291465289806e-05,0.0014066665907835406,0.017995225218634316,0.0015271057379493487,0.00035857124421849614,0.04112286199536061,0.003937906050758706
