tr_A0A0K6G3Q4_A0A0K6G3Q4_9HOMO.txt,tr_Q0CIA1_Q0CIA1_ASPTN.txt,tr_C9SSH5_C9SSH5_VERA1.txt,tr_T0LE75_T0LE75_COLGC.txt,tr_A0A0D1YV30_A0A0D1YV30_9EURO.txt,tr_E9DVW2_E9DVW2_METAQ.txt,tr_A0A0P1BAI5_A0A0P1BAI5_9BASI.txt,tr_A0A090CIH8_A0A090CIH8_PODAN.txt,tr_A0A067P520_A0A067P520_PLEOS.txt,tr_S3C2D8_S3C2D8_OPHP1.txt,tr_A0A086SXB6_A0A086SXB6_ACRCH.txt,tr_R1EIR6_R1EIR6_BOTPV.txt,tr_V5FZM0_V5FZM0_BYSSN.txt,tr_J3NPL7_J3NPL7_GAGT3.txt,tr_A0A063C0Y4_A0A063C0Y4_9HYPO.txt,tr_R1EB25_R1EB25_BOTPV.txt,tr_A0A067NXV6_A0A067NXV6_PLEOS.txt,tr_R0KG50_R0KG50_SETT2.txt,tr_W7E309_W7E309_COCVI.txt,tr_A0A017SPU0_A0A017SPU0_9EURO.txt,tr_A0A0L1IZX8_A0A0L1IZX8_ASPNO.txt,tr_A0A0F4YIC4_A0A0F4YIC4_TALEM.txt,tr_A0A0D9MLY5_A0A0D9MLY5_ASPFL.txt,tr_A0A0L1JI09_A0A0L1JI09_ASPNO.txt,tr_A0A060SMK5_A0A060SMK5_PYCCI.txt,tr_A0A0C9WG88_A0A0C9WG88_9HOMO.txt,tr_A0A017SJ25_A0A017SJ25_9EURO.txt,tr_A0A0K8LLL5_A0A0K8LLL5_9EURO.txt,tr_L8WHR3_L8WHR3_THACA.txt,tr_A0A072PM38_A0A072PM38_9EURO.txt
0.0135867095386658,0.01916544217163966,0.017288271169268465,0.017684960055797914,0.010827346681454004,0.03392869647384742,0.038118756991765854,0.02743288840413765,0.04139365595559586,0.016622642532456253,0.04531251702413957,0.00039877564630256326,0.015907687776539847,0.002837991216205229,0.04451716120148966,0.03780641993505499,0.003588536894015469,0.0448112285597135,0.022467993703645554,0.04411764408915506,0.025136614119962146,0.04080417905496335,0.04429445366351761,0.016556888984757507,0.019046190157569726,0.03421322642542117,0.045295005345220726,0.04521910095598684,0.003918106934728954,0.03254825282327004
0.021760738407696496,0.018248712773812095,0.01769646346110241,0.03552013695576494,0.01568411824418705,0.025562194605275666,0.026243483308393784,0.02735779200727375,0.019410869591689504,0.027485663048537157,0.024892332448202485,0.025058981573013586,0.02536335782237618,0.0362082872585604,0.041844724284107786,0.030534313642835986,0.034263104850631595,0.020708263278088623,0.035529388024395994,0.021474332129896516,0.033364267105418524,0.012245775242611955,0.034732429343739823,0.01373544924709643,0.014035047333716534,0.01305450021863213,0.02635958372729196,0.03812893996109809,0.012962891290267457,0.041649781060302184
0.031753871242272365,0.023392841120740242,0.040815616738430684,0.03313972765459344,0.03200467411189241,0.036655267505253594,0.03634516711189201,0.036593802637833184,0.03625824847479459,0.03267738778017592,0.03215635239913635,0.036837885955546025,0.033910283182004064,0.03962468444486597,0.03417635484088226,0.027711020583756775,0.03913884821567848,0.03644106311586395,0.032545182727702196,0.03221442429084904,0.037261697655631254,0.031885312905261545,0.03156137822427584,0.03634511387352403,0.036546053660412386,0.034385225859194055,0.03494634745932293,0.0353275322276715,0.033937317613869686,0.039158590214846474
0.007511274931777869,0.0018434842441905743,0.006375209305937108,0.0001607666989993443,0.014718242586598217,0.0034344596076437595,1.0107342857003478e-136,0.0003200316199941199,0.0037783072254036244,1.4259392331216336e-05,0.005868423791720008,0.0016132790437355037,0.0037490651469447283,0.00037897044583308216,0.00020850893556934524,0.00495678359445381,0.005777413323800585,1.3264587547057445e-25,0.0001861878514053959,0.0032792433082623577,0.0007057264771268468,0.00018126534977881727,0.0019157609325563107,6.751238783221107e-06,2.5174619635919422e-09,0.0009766232504074771,1.8479978798783585e-06,0.00044230090203433933,0.0029579762290171565,0.0006392599413583498
0.04748552380880713,0.04531720978652454,0.04845714635214021,0.046326300264038306,0.04849039862528305,0.047550197039128786,0.0484419177120948,0.04628442087294798,0.048483110450329006,0.04844195073781747,0.02217416604933685,0.04764004019020951,0.03953274338452273,0.04824171987320405,0.045394473698183696,0.04846577287039904,0.04821732267490972,0.04745249969169747,0.02769558408177887,0.046860771312765406,0.035897349372326005,0.04810492077961563,0.047492083196216325,0.02996829049702279,0.03782493452965689,0.04451187956722757,0.04039935401706357,0.027331369512078752,0.046516276870789325,0.048117971441631734
0.02280510313474981,0.04030646383980327,0.03639836425822719,0.045002658422520686,0.02837394070299027,0.03770747684180142,0.0302586775052966,0.024568580608364695,0.037438510948328854,0.03452386897610175,0.0401392643579834,0.038143296473963514,0.03873502523988023,0.041458454643151205,0.027166207498455868,0.04392072071836099,0.02682951740531718,0.04172462464375998,0.03801981795215785,0.037131925454067356,0.028599234556787784,0.03082523535803612,0.030236066001191483,0.032746175739290145,0.03870815110421068,0.035115725856359456,0.04302992442754224,0.02742944286693574,0.026827379082533766,0.0432990707890585
0.0037678351665123466,0.00046331942458018163,0.003849529779722773,0.0050603039861309975,0.008255320921080856,0.004027926311477483,0.00460197757159266,0.0037808229582792134,0.00605611582603886,0.005549122300887475,0.006913322961761866,0.00705313540146886,0.003806429470941001,0.004586121448639827,0.004796353876428129,0.010672703902897507,7.453898109317477e-05,0.005375053261927085,0.006898822625908555,0.004611793238013596,0.004836323287020945,0.003911107926616233,0.015242057675818285,0.01930804669834382,0.014763297660159404,0.0105387721824694,0.010206969258870564,0.003774838065595148,0.003767448414862391,0.004932663108599937
0.04346072825054684,0.038762000173332756,0.02471300613877524,0.04122738049191425,0.04414362254918394,0.038313619698434255,0.035865563131347214,0.040332203008557124,0.02342204816510509,0.036046121661155915,0.02851898759775643,0.03731390116787823,0.012826306066590291,0.025425175859313087,0.039150948200481525,0.027677344080010435,0.020122776611238645,0.04207707593844417,0.01067859734603267,0.03577318882562567,0.03948584356343687,0.04291944247638898,0.011231189711915345,0.01185487077608451,0.02756379106319212,0.00969154713800002,0.010585788835668884,0.04453999667484962,0.024823858273831184,0.03941751959534041
0.03893479990461545,0.04211968083115468,0.04339852069680589,0.041701663743786185,0.0451260622206095,0.04682248490873457,0.0443210132993033,0.044977461581968,0.04656474992535068,0.044643405629635036,0.04528393067932995,0.04091310457510984,0.044928755448001845,0.04039503847573184,0.039536623440529876,0.04492602102368193,0.03750331023605016,0.04621293093042639,0.02008514871356781,0.03532537715293588,0.04452509210952072,0.030249494211408136,0.03762017294669248,0.044969670847379205,0.04456500228464375,0.0416403124673118,0.02143186387820459,0.0481414496173051,0.04097208844263055,0.044659036796066254
0.045489335614079356,0.04506101858225989,0.044685258311079945,0.044920774931786436,0.04481772107619171,0.04147768482897475,0.04510686031213601,0.045017374234553105,0.044609172111366766,0.029672049824340338,0.04428020653261206,0.044948647796153415,0.044897674277680245,0.04519815627921114,0.04414972783755708,0.04482924018365595,0.04313660413429673,0.044957979120605646,0.045204655506826105,0.04501763346385946,0.044393394007434764,0.04469398927313796,0.026758188825348264,0.045023145107781486,0.04310549463419806,0.04503826798422298,0.04501227461628213,0.04519967452418708,0.04286048369936604,0.043082130089824006
0.004285694184709476,0.030960955974887346,0.0005359882311267672,0.038982636235178086,0.005688224743407147,0.036797597755467024,0.019343346006973856,0.02773158068602141,0.00019442986976038533,0.032632040836623306,0.004261798636211823,0.00016620012044002354,2.1281375973310244e-28,1.9003686146433668e-40,0.0031595992732950783,1.480326372599522e-13,1.5659517115783183e-13,0.006259519456413142,0.010154388363103017,0.023188241929267727,0.04049719867276153,0.02631467367412015,6.278359759245018e-17,8.582835508469189e-16,3.7414592936602574e-17,6.590424520814086e-05,4.9782533761865637e-51,0.020738614910555828,7.387196258164185e-49,0.0015745368265874839
0.011967993784705153,0.033194517993140195,0.012219053594991208,0.012996496571081354,0.008378619055867457,0.014731952764180246,0.01954411784843413,0.021696390708731923,0.025722147494916938,0.018821898654911528,0.029693992967658824,0.0202281142647928,0.016560512587375877,0.015422531000289572,0.0148011068401726,0.012023299439550304,0.01604068477479223,0.011944094767566454,0.03169646006574235,0.0278127173480176,0.02069926876968698,0.014114463436079895,0.03119896759305947,0.009218419804710769,0.01657837500383438,0.01739971533065796,0.028813746636345127,0.016083619343828758,0.030739023241576815,0.01411085760717724
0.04295153324247576,0.02085094702870263,0.03434291567406704,0.032362799410407164,0.04516551074253679,0.028985611169489067,0.036613246561992926,0.0430148169479911,0.045203963189533694,0.04264029657127302,0.0413220400326524,0.04039991503473479,0.04384123399637385,0.04343026575747982,0.037671026943655025,0.03765443613525675,0.04520984949625651,0.04510909821741653,0.03035378687719059,0.018800292764481773,0.03981407660694647,0.026063383100293065,0.044598813375510776,0.04476989815492817,0.04421876056668014,0.03704705040746331,0.044920423822033935,0.045004407632200406,0.03600809328849666,0.04514634272001745
0.02067847759347303,0.0378289846310743,0.04440142795000953,0.04514600393769583,0.016704508592301267,0.045202937385695,0.04482731164688286,0.044557462807341616,0.045215206918811625,0.017794115993484138,0.04373873827115518,0.02952215578930352,0.023377878499890807,0.026764132441168362,0.0017656474134609126,0.02735152448114507,0.024050450429394247,0.03473948871643361,0.04507853813797623,0.04510626788834175,0.041163476026221175,0.045123937452885586,0.02306470949213474,0.023999169861192146,0.02193128648713929,0.044360029935587485,0.028030918406472025,0.03266986443391861,0.010018156329017924,0.024641183077253496
0.021888331097460037,0.022326421000850152,0.02347939145911395,0.020993608531191,0.02608998329759807,0.019259615882259433,0.03132387746659654,0.011631980907303387,0.02675901247171144,0.02722337491473857,0.03613453158573164,0.026937219409771705,0.016313296366018845,0.02258357846041356,0.01890124271611113,0.02499250844143653,0.009938629222969779,0.01950189171125369,0.03490963774147795,0.0347077339811805,0.010480091647723781,0.024169187071108288,0.025593337015488812,0.013578643262854625,0.029486908153733803,0.02700100528534077,0.030817366677207966,0.017926788831257385,0.026593356515179734,0.02123613630140001
0.01928439525467011,0.02986192114826056,0.0069267661504704755,0.01711164868122804,0.026640014626830612,0.018477536776653404,0.03505856628302299,0.0035657854308324467,0.01565550104152853,0.03805640463247065,0.015039969396515095,0.0278781871609386,0.02333397583168606,0.03360367609035038,0.02332150558941213,0.03460866567437922,0.01924739074519541,0.018191288507011363,0.018920101610151917,0.01967080848864809,0.010050074153392204,0.011333154729717309,0.011978849566175528,0.0016319609543298413,0.034686859416354854,0.037536749442221407,0.016382592745513715,0.036399480673794254,0.003514672333314309,0.003972943348474415
0.04493978459069066,0.025485223516620963,0.0439122483528182,0.04518575215258881,0.045011730897011916,0.043027398635736,0.04412651019402647,0.04519627704629163,0.041866395468138015,0.03719901028243612,0.034993159194390396,0.043128952960156355,0.04421869239485611,0.044791520458114284,0.02808886674428678,0.04493073467036721,0.04523685095725437,0.04505102426563569,0.044075610223432635,0.039189972477096865,0.04306661384207985,0.04385136819335152,0.014516180662897381,0.043003305565799024,0.04507881003874434,0.043029786757852434,0.04460847928085419,0.03930504302152444,0.045125199998079665,0.0389855970221062
0.01627187157735849,0.04397228692841686,0.03579143866273738,0.040237826127531406,0.04128992510847358,0.04189029128972726,0.03681498194123496,0.044851045542983525,0.012215669779344808,0.04510366889714587,0.014819673847515643,0.015630216990629078,0.02719332970937902,0.04179231748283213,0.04442954217948664,0.038659656811266735,0.040904532885052435,0.04340682841139956,0.04193159579543402,0.04261789750157785,0.042210357013715075,0.042271414099445126,0.014714529611579883,0.04276647216647603,0.030112968912461086,0.04216268694462248,0.031290092392517496,0.02748065786866593,0.030018493302055617,0.03331692813843802
0.00031107537605985476,0.0043474856630228865,0.004568697602398066,0.0050189270164138836,0.004416898048179745,0.004416343507247002,0.0002641272641624586,0.004974625464709416,0.00522516417669929,0.004895072887362317,0.004524142326279987,0.006438644691399114,0.004815910829887244,0.004456389492226611,0.0024422558046621272,0.0053698400240503805,0.009009496729415237,0.005258777274310249,0.007734041064478931,0.004407974552528666,0.004398531567872772,0.004575880608746776,0.006971530436592671,0.004427788911891276,0.008142631927425453,0.0056196650281011016,0.006486367015050912,0.0071960021343255316,0.0044111829992427515,0.004085388653036332
0.0009607044341605497,0.032508773088758644,0.018936856603996244,0.0069271952643186925,0.0036308835160531365,0.04179180171043319,0.0052146928859014875,0.004458343439068167,0.014495811727729539,0.03702330650990927,0.030883687284843538,0.01103005794502558,0.003989357376568209,0.007761824001532957,0.036816681295311765,0.014187537250444502,0.01783816535546554,0.005753212899549907,0.0215958857687909,0.019018933652035108,0.01762059112236178,0.008993454458803844,0.0006819038027941731,0.01115613658432055,0.012714272691711739,0.02276374027084203,0.03585668872757353,0.023708323363060183,0.04526123447244073,0.007261418007240951
0.025790444804272922,0.045198598708820724,0.04472183830631469,0.033310342838461154,0.0440854338546498,0.04363517930822123,0.04207614749674088,0.04260791431253064,0.045086301136713705,0.04517712976905693,0.03941692445907549,0.04259199271652482,0.04489526322056968,0.044991994481077074,0.04341306128721951,0.04391357824544554,0.045068090639278385,0.03789604011858509,0.04523586386387707,0.0420417784501819,0.04507567527192556,0.04247662955111149,0.041815911219685635,0.032882250369421745,0.03739046212234498,0.042218107227492474,0.038891376070536596,0.03822484109585873,0.04386987777488459,0.035765613131392815
0.00011385147636677532,0.028466906080996744,0.026180384600834952,0.010299208620983269,0.04042540728348323,0.016871668684006642,0.00917511229430337,0.026430355499554005,0.0003832150269414034,0.03731245436384746,0.0010386211890528458,0.01988064237710928,0.001287421341731195,0.009635460609128212,0.03870212850563029,0.001103807157910026,0.030627664641128892,0.007918646071764294,0.0025311371728804666,0.030394955780783467,0.011937469628366093,0.008327503930057358,0.030013646609184277,0.017077455537629987,0.02424414078374759,0.03476861656855879,0.008419349555140555,0.008320906289781233,0.028006632952672125,0.03898059707158465
0.03060206538593595,0.026171760854442883,0.029676306401802754,0.01358805138659644,0.012513190698438334,0.02014037685001376,0.016077436026336937,0.018693581329173592,0.005742657659649665,0.018282326435774092,0.015522487209479578,0.004126829268983362,0.01469726546482408,0.019086181914016682,0.010446450367232078,0.014276449412652228,0.016060723675464995,0.012936214785761988,0.012786671819560048,0.027691543829401637,0.0369962414659239,0.013775992357215758,0.04211526316483455,0.013258642456385725,0.024421299377002645,0.009652271438928108,0.017325130677272833,0.03483396835751548,0.024894302841635622,0.018408275984231094
0.03446240870878815,0.03746551722414028,0.043531572205106006,0.026873473285002437,0.04370330720911918,0.0414907909000449,0.039252114600018054,0.04191536003141311,0.032929985065285994,0.03608515194137761,0.04093951626098885,0.029981312333906465,0.0451680265083626,0.04515207442176989,0.04473038828539466,0.044094978077017795,0.031243355190724256,0.045035490972431966,0.02725287728373354,0.042859449386914966,0.04421115298173443,0.04516577640806707,0.036200240075249454,0.04333817705155498,0.040456549753812604,0.03345396039075103,0.042920336380009,0.04170644079295089,0.04415096382435699,0.04370577392656064
0.03421611250459468,0.04095744545113113,0.04432193444252896,0.04506792370554217,0.033900786270377105,0.035899547666304904,0.03438601697988747,0.028468252229508672,0.034710551450784964,0.04085846220013275,0.045130141366533594,0.034520454538240535,0.032776258658897696,0.029145517280190995,0.044561045675823835,0.04436277109434325,0.04402896924367353,0.03172086843977575,0.029073360813527096,0.02959165388397389,0.033153789745855984,0.03052531338667079,0.043748521599678514,0.03844351464441344,0.03319182509632411,0.04306197900620982,0.033889783117657155,0.035230104819176905,0.024816966554499352,0.04466480187393615
0.02387558590610924,0.023178903388274642,0.023566518465572873,0.025232622821825215,0.023331056664367644,0.02333084112623244,0.022889970728110682,0.014825176608472265,0.035845209658417344,0.02234065214224688,0.020833760701403786,0.02349019749872658,0.03502420311735431,0.024747557155172434,0.03527868980386839,0.0234581246994544,0.019090722936013157,0.023295189028119487,0.03125782821246937,0.02306539646876939,0.035113894988669354,0.02299740167793698,0.01912060756429123,0.03498689454982576,0.023460250998859053,0.018127189162924544,0.023256128247528214,0.036491810788778015,0.035651593544378454,0.022306136079241885
0.038016595921633686,0.04436773497866893,0.03894943225526971,0.04406423819984637,0.03661978062150453,0.0412893165035915,0.041940035000572334,0.02808374388742961,0.0303317012640816,0.04493965001680842,0.042130341100917554,0.03482016208378956,0.03389932754287629,0.034204492282041414,0.04486183544867846,0.03620928407459036,0.04480145264645113,0.033836458507985175,0.03595245571985449,0.02847089236788898,0.034286046175545815,0.030841450937211447,0.044676791980917424,0.04281703476751889,0.03952782219639986,0.04067445900835638,0.030682597117386395,0.03370968874256204,0.03586052447021776,0.044381283044328895
0.02050519388419575,0.04173945225138055,0.028548301357841106,0.03638434138491384,0.027320268852666522,0.03183889856538456,0.038107925500277105,0.02806859860388788,0.034610991412601134,0.037674420644705775,0.03680617725668446,0.03542931509012199,0.04506235491321434,0.04400188860618841,0.029731217361660935,0.027609612930752057,0.028585783120726682,0.03592192874555647,0.035953921271359504,0.033785674730162994,0.03255890549855615,0.03492356332610371,0.03859929992982755,0.03430306218721514,0.03690135449966417,0.04032957284458129,0.03242920624066369,0.02873771688342182,0.03846578572811115,0.03084292340172319
0.025898066266222246,0.008732222536719583,0.041964930608660786,0.03029279845254395,0.03852675358960592,0.0337440350691676,0.03406871364642601,0.027932704922279762,0.035904666326757186,0.03964381677381637,0.03134252336289013,0.03358184045638628,0.03714830286825304,0.03179179794133184,0.0260910222209658,0.03508937336244565,0.04306936660749913,0.03344899914280018,0.027986073410722394,0.04157707150809168,0.034487844019392526,0.03558146976295208,0.03757787547176167,0.030645355590122336,0.023811490953508967,0.044776215449935,0.03973571128253035,0.03492718410283113,0.035008709907186394,0.04326550069126922
6.019700699803298e-271,1.1750365231408405e-273,1.0694350599293643e-263,1.1697879666077026e-269,9.0469685712297e-273,8.209905904933906e-272,5.68436536751172e-271,8.618926520075787e-272,3.303836051331516e-272,2.1925737162249658e-272,2.5834283847567763e-273,2.9200131575497893e-263,1.7906232584511479e-271,1.6916470369799674e-271,8.814630571691026e-265,6.148369333913647e-273,3.962047073736848e-260,2.4466773338242307e-273,4.269832181424935e-270,7.75218102697802e-273,4.7242203627293816e-268,2.0287123881777035e-260,1.850787783878291e-273,2.155817657462216e-272,2.6395404004372107e-270,2.270822662398835e-264,1.2224215675903298e-264,2.176442822054472e-272,1.0509967773659516e-273,8.49727815407772e-272
0.036497202601473516,0.04781186605316988,0.04847138928956461,0.04750020763329178,0.04468156290863287,0.04657399243533465,0.047929444561993786,0.0477167511956367,0.04829583426153061,0.04843087111171944,0.04817667483781758,0.04632802500652421,0.04470344234699558,0.044489118864198346,0.046530692392457475,0.047899331128035745,0.0438972476584168,0.04383221677852454,0.04791422228090751,0.046069495719474954,0.04517288427844411,0.04797792830341564,0.047159196918069635,0.04295954978906022,0.03816505567358598,0.04565337065740467,0.048481169775329916,0.04829652958408995,0.046899013956197354,0.045877352254077214
0.011463927682695357,0.042864079580266695,0.03950630770479033,0.04397422969333499,0.04306788627381661,0.029873541911541936,0.035957342826321056,0.04207431989993464,0.03697647958321636,0.03900122144957113,0.03365007446784636,0.0348555528093292,0.031075319170257458,0.02383024562849325,0.040736151653640675,0.020164257261154353,0.031100225826699843,0.04520044218586977,0.03829982004330684,0.038352423611659706,0.04419686848304021,0.04509424702338814,0.04126127281142535,0.03849728954482725,0.03245474277979368,0.031620724710328015,0.03387688332943754,0.04477068779353652,0.03647851965722327,0.03336033529779195
0.036464129777416074,0.0355855400696209,0.03802313430604623,0.03175969142165045,0.022456025941966707,0.03689715013211617,0.03490570839392859,0.0348665678329809,0.034710080718105774,0.03600226397909908,0.0378431449046095,0.032002813117687406,0.03877371545201511,0.029700304272476025,0.03612986740239295,0.034829233375742466,0.03553349075087351,0.032163867953473146,0.03454858923878525,0.03207013950126203,0.0334491588545682,0.03265010524450193,0.032002061027844905,0.032866702108811256,0.03767222142060485,0.03336687983751973,0.03296259668901912,0.03247088207627003,0.025955652922379707,0.03248140418642728
0.03679456023723404,0.0012667015636592398,0.013007100285350987,0.006394754675194117,0.00040412547020632773,0.007573985402513731,0.006688239650111265,0.016412998587355447,0.011603744967242313,0.011898291108375248,0.029430543405880437,0.019285490621898264,0.004890695147566424,0.027827779124219666,0.012121737096949794,0.023859865095594245,0.009908275009228076,0.015144777200107467,0.025785234318170414,0.007205648390332739,0.009011295209611917,0.002454134086031207,0.007926577638825108,0.010284192978185882,0.014815526205758527,0.007711763784166381,0.029337200642194076,0.003935542310295227,0.01816224528428973,0.02796854638097066
5.290505087918193e-20,0.004405275577909424,1.7964213386531462e-06,2.979666682445912e-08,0.009944662459212526,2.5734724634499623e-06,1.3575884717452743e-14,1.93788305375307e-05,8.289311262748467e-06,0.00022069087275784023,2.2121823018186778e-09,5.081900274388137e-07,1.4554922524898662e-05,8.61847891557964e-06,9.43718756960021e-15,6.804563502504232e-06,2.413883353149456e-05,2.8813753552454844e-12,5.814995754835397e-19,4.0267491269800955e-06,0.001159750318304795,6.227748541663314e-13,1.3845958300182433e-05,1.6306532389775225e-08,1.1945954626351101e-29,6.834777458048101e-13,1.591787092039222e-05,3.398558810604381e-56,3.138293869392185e-05,1.1684292073695154e-05
0.045175108536651354,0.03865188245316582,0.042060760694658375,0.04389438674622375,0.03951969477992867,0.04072284753503349,1.7329903535340483e-42,0.043619595883678725,0.044064376083437884,0.020957138899759368,0.04118108078526754,0.04442022029142607,0.04180902451590689,0.04350598815677763,0.043720548046012025,0.016400538704537296,0.03290537076518416,0.038719085457827776,0.04152616640257112,0.04191591907150437,0.03420050741314391,0.030682759528429623,0.043650130492112596,0.04509278514697654,0.04450451275871339,0.040173999529412086,0.044097496087807955,0.04182766788555864,0.041887292427082945,0.035418468054385456
0.01834168910712796,0.04521690542956336,0.04702372722869866,0.04832276054552854,0.047992967191577286,0.04798805013099188,0.04443123308756733,0.030881292261384093,0.03666741398387071,0.044822947765681964,0.04083927694805403,0.023535383878386287,0.041132415393810115,0.04429629667280456,0.0006114606037985056,0.03648863839599723,0.04848706561048452,0.042592306037058617,0.042810380644023295,0.04740247021891837,0.04604860779533812,0.04720806271236762,0.04487239143051858,0.037136827337950276,0.03013582351641237,0.04806836941220784,0.03360583573961234,0.04580797938402373,0.04796026575017835,0.036269250986477944
0.04506773763886182,0.01388804646759511,0.038266784691323864,0.010032197282703128,0.04179805140910289,0.031978544113994395,0.04149139084305036,0.019976118533491648,0.010613793323608248,0.01190468112834741,0.00932619293225629,0.03172991824678826,0.012322896501398744,0.010742833426585784,0.0196934557892601,0.003927092436130483,0.032545826406649124,0.008888020322955333,0.025167708189214155,0.022826753727746077,0.03759475916621153,0.023763717919293215,0.04086777127119362,0.04256539196731951,0.01764849541705348,0.022912771964939776,0.023855839376917494,0.021810873318568888,0.022588013730883785,0.024996359730759032
0.03195169617491655,0.04160187095835395,0.04260586202508074,0.043526299967070074,0.0005302107374244327,0.0442135517029096,0.04420798858807704,0.048336389661397736,0.044898883423009184,0.034199400716065524,0.031824216233013375,0.042838843901025825,0.03678280698852413,0.04641838984669804,0.03964596759769926,0.038716469140242196,0.04389907422547763,0.04288337825570117,0.03590210161331844,0.04203981711199146,0.019743013550236783,0.043557223999684425,0.04842374912621601,0.04171343443213571,0.048281393074776274,0.045966365792586644,0.04192188788617338,0.024320473185130212,0.03716347331391181,0.03300923333068012
0.03689630146995067,0.023565856632012647,0.03231836054865814,0.03606680398198388,0.03514583874030147,0.037076346076394456,0.03543478837370792,0.0034749288457592573,0.03458734205856756,0.004725305885070437,0.02929990441139892,0.007001460126063019,0.038259664278772657,0.016792443591517915,0.031228951573773277,0.033702535528842406,0.036937986176479025,0.02715745581272885,0.030029417935175502,0.0029096367245824424,0.006964319106272057,0.037933920793046375,0.007535997908895692,0.006434136936470635,0.03996569970540621,0.03709616490098517,0.01786477671413371,0.021798316936967127,0.03201976681416549,0.03318735431908523
0.017354035612145165,0.04777880370938853,0.04756234747355409,0.048222749852739014,0.04458693813308622,0.04115161659640606,0.0474322261757015,0.04834812252472556,0.039880202667214135,0.048348848901683145,0.03319845494021498,0.04843045375035494,0.04779689790678718,0.04829670676708778,0.02761075758248565,0.0463836541225225,0.042078317321643695,0.047514639513443056,0.04747962937629713,0.04842196542531507,0.03123481798916974,0.048033148555545566,0.04838232844459982,0.04648082993311194,0.04710756668911959,0.04775549212397691,0.03871383636285383,0.03202093845716289,0.04662556337564434,0.04788069210370809
0.0001387937488077851,1.4340243113382585e-05,0.006058029979297508,0.028309877739057673,0.00014740873758617917,0.007785662396736238,0.041586763620094364,0.0012461153688769564,0.010357637506624332,0.0016670144394166767,1.5730809280866471e-06,0.018825655567508585,0.0004714881027898876,0.013319285957163841,0.006070901030226976,0.0421858460463989,0.0001940774597092522,0.005803835888508042,0.01002107165888838,0.034531070450786336,0.00030787421730253396,0.0008961470344309016,0.008459675891036836,0.014648820946636922,0.011666343273109999,0.009525611596095187,0.03774796976848577,1.1122168369655127e-05,0.00498274565053736,0.006290415586061016
0.02733982044188067,0.027839289604823753,0.033854699628572016,0.027238033366340217,0.03521070960565702,0.027828785203277077,0.03455754587518129,0.035556570731528674,0.02675222307545227,0.036402494364748766,0.027049730604915563,0.03649720428363122,0.027713004148198703,0.03439838065691038,0.01708027117835279,0.027616461298514694,0.0276135206109738,0.028464707802280883,0.027531843074682406,0.03372545374171364,0.03463403967959368,0.03642364967020071,0.027826063277246904,0.03650278626466581,0.03624128692852749,0.026992615675921657,0.023303443728874464,0.036433543590610094,0.028590218222167726,0.0358741806081033
0.03058592703898384,0.0350513312807342,0.023729446840270018,0.030246409824029628,0.02282808622910664,0.023742682637828336,0.027295604557487217,0.025507756380306976,0.044306885750066985,0.016751077523765895,0.02187747561488569,0.027927080411318177,0.021661190079239716,0.013794727956336204,0.0008427646343352634,0.02712279313575425,0.03759591202878908,0.030814215458977532,0.039894702315738995,0.024880007281762023,0.03951501445593528,0.016514972351207885,0.0446196790346642,0.03990404422645663,0.020611329887672836,0.037938082701866195,0.04050119805331478,0.014866237255689536,0.028949095464534468,0.03391034978362697
0.04795551163710824,0.047237529068654964,0.04613890014268554,0.04825579265526904,0.04779848647216335,0.047607314021262476,0.047835492131468246,0.046945353803757965,0.04711441907687132,0.048110070774785754,0.04617244908585329,0.04714118673317778,0.047687220487555776,0.04646304772127777,0.04731851125637605,0.04849227382837092,0.047211637788653886,0.04715763615804408,0.04773316796826428,0.047747315547408145,0.04806875349725191,0.04774503629261462,0.04603560337093181,0.04651967513449311,0.04809052693111082,0.04829642311805052,0.04693132107397564,0.04710344263642763,0.04727176465963775,0.04311443791794672
0.0154775918964088,0.012773774638236498,0.014697179619971988,0.013063195868164821,0.013903526367259611,0.013255644199839295,0.014205972127905132,0.012776385909242535,0.010351589183276224,0.007395084623904154,0.009726909237579896,0.016362505852892433,0.006885498019115605,0.010794414808178929,0.0001372890991169585,0.01388695906340504,0.00957416368854493,0.02926576928988494,0.01357784027667658,0.01511355790126403,0.008636621846267987,0.013033363245871381,0.014614742725418677,0.021699276256428285,0.013564374295285977,0.013552195623754478,0.0202137328283522,0.0064316022325438095,0.010136921051887786,0.01336552147853911
0.04750549508093797,0.04792507379662986,0.047123534589220924,0.03390124885134083,0.04754073397945063,0.048337087445797886,0.04552150312714737,0.048460308593569465,0.04637426264172352,0.0475447793269837,0.04846674679631356,0.03614127796894404,0.04826830874708476,0.030462976929697443,0.047065565444814855,0.03393998932532165,0.048466453688912836,0.0473656945366701,0.04846116965222018,0.04839710641344999,0.043421666997698276,0.03251880468834182,0.025980589522729546,0.04745686607741634,0.04706398388648833,0.030771719300907243,0.03522554974701042,0.04840026243189832,0.036178334947721866,0.04667523337150177
0.0202337917433532,0.021202537465966297,0.012703914444305933,0.012174675876291055,0.010592860215739072,0.02400853342893878,0.011493937340053094,0.01855166914363206,0.038924367681050884,0.03373919429391723,0.01705039348157393,0.04157211040848591,0.03873228925904821,0.030182718234749027,0.04320347769065279,0.012417954730193501,0.01230359528453203,0.023559084693587428,0.01930885834408746,0.03716120511292488,0.03945094883016541,0.033812372626843334,0.012886493315580366,0.017751176453906954,0.03940394818116896,0.012886442907574153,0.012320372334339882,0.013670927194623525,0.038795332494667184,0.01222902570537536
0.04590279226101,0.04511813845828973,0.04393204395316983,0.04813350351921332,0.04821770444439352,0.04564990361002374,0.038771725555023014,0.04455746400500889,0.044806656652240984,0.04173091661791338,0.04245975440532543,0.04615365736652252,0.04829218833202467,0.04755738683259547,0.043182559024610156,0.04629396374068889,0.04373161653056311,0.04522568994070032,0.047384093233924465,0.033134134204811996,0.04785294923964667,0.044720034409105124,0.04357095414412052,0.04444727715284403,0.04763202983796172,0.04586852650403239,0.040931626305975966,0.03709541643259304,0.042645756571364664,0.04447229491225277
0.03170964734306086,0.03785411591942195,0.028423934777481643,0.036422351893841604,0.04041843805087096,0.04014676044463726,0.03470156319919354,0.025546455694979965,0.04094673710010534,0.03622735816218303,0.036092350114682745,0.03780262377233829,0.03956592049328017,0.028327417188809375,0.03671091464804563,0.04624219330440695,0.0363133339441772,0.0424886169071129,0.0355963576182827,0.014730925787157376,0.048385268479259114,0.042822070451362056,0.04251112671908894,0.04285181903362033,0.03379082648535517,0.045014807547080905,0.04845562268633982,0.027767450656711833,0.039665043208249255,0.028170593003268216
8.050501064301805e-07,0.013056893371395952,9.237054589147928e-05,4.306741844865956e-09,2.983498343011102e-05,9.412373402945687e-06,0.0010186331918045318,0.008949516095151606,0.00025220384651105906,0.00022967061440173306,0.04824811645068651,0.002461608545767803,0.0009718349701373424,0.04566884141584798,0.00984468362235727,8.080852282172339e-05,0.0009709505530238346,0.001872325376137689,0.0036773412774274645,0.0023240431598442034,0.012561158062209482,8.180548440575702e-05,0.009218636372609147,0.03662478737762872,0.00010957018880438234,0.004288399804665399,7.21914261690009e-05,0.04340482416451162,0.00012393755090033028,0.04687943099033662
0.007236368825112392,0.010453390120815708,0.006983296398970058,0.023000937929658204,0.01575356671380751,0.012306342447632514,0.00797368742929126,0.009361280231516552,0.02997583206258548,0.009251826224081694,0.004108814015496856,0.013883113381740182,0.012883956763245295,0.004819171187472772,0.0098904736988393,0.011189911416475122,0.004036745329201556,0.013894856151142453,0.010757052775595397,0.006507973133702563,0.020933225456189673,0.01274755377564402,0.013492609758753413,0.01919176803729136,0.004348851748365235,0.018557213896316708,0.022073609648984548,0.0011940282282658133,0.0054009911054416085,0.009222444756188318
0.045155593212533034,0.013301289352384069,0.012628474613537749,0.019460513186201678,0.015599495445816831,0.0069463674205938256,0.011397536126146674,0.0040537731618965735,0.00976883131652437,0.013436678174001241,0.013719556056548154,0.016270488810732352,0.015695426133744944,0.016026790098701366,0.006685475505469438,0.010789744349849395,0.018326631344494804,0.004450407465778681,0.01105694096326554,0.018809131079562093,0.018097172551955223,0.02468415571976015,0.02144354308299373,0.00886412977922736,0.02405711972723698,0.02164784106090967,0.014924090238465911,0.0421036559991239,0.020971039903687462,0.016384492823128063
0.04466541021268734,0.01069104813694544,0.027879400138235942,0.04272741713054909,0.041012886744446045,0.02803334964658245,0.02380096772166289,0.044005259590030106,0.031100938491798933,0.03263620507323828,0.04520223587431866,0.03577847353480534,0.03721022522235194,0.02298896308979667,0.041883009434175555,0.024578193820624122,0.03840227441671707,0.017511319304719674,0.022316228697465725,0.038684076956011074,0.03161295864893186,0.016822627874611057,0.040701922577725036,0.04378878404578343,0.008262981656481358,0.04022098044692675,0.03832708917269186,0.031226359312469976,0.028907954989509377,0.026219096531948385
1.6092684737031738e-06,6.215241548631301e-05,0.01235961389698739,0.0013207924097244615,0.005417287879137395,0.0048734898451782355,0.027256742206811548,0.006691157035385109,0.002048518958411657,0.0067926547230234315,6.518198315324404e-15,0.011931802688819909,0.004575211286167153,0.0067494510530852255,0.03165461402176959,0.007537241417677837,0.004155317920483589,0.00579521689920999,0.03461095980430152,0.00866064589751348,0.011522052101996277,0.0036305406851814405,0.00749053237920455,0.004350431174052433,0.0031660231394872633,0.0037856788473249734,0.016399286430087527,0.006411401709598984,4.411331149011168e-15,0.013248351776282011
3.714306237920695e-36,0.003993361035753266,0.00384122816804493,0.004791407449246358,0.0031225420056559634,0.015041801596391784,0.002690881710752991,0.0034164823624886743,0.0047223376460561,0.005326077775921723,0.004654462382685024,0.0025798740934599874,0.004946441108973734,2.467405474590852e-06,0.011045848001053954,0.004076985666184563,0.006678139029421855,0.017229043449530364,0.010391296571952927,0.0027287132744433576,0.008683171236464815,0.006483588035356401,0.0001172486684732964,0.010653213327366892,2.041675746732354e-34,0.005527913262247552,0.0024134093232277888,0.0026882720469707444,0.009023151498522721,0.01348031062912092
0.014610878440124743,0.006459303571932504,0.016596591985964998,0.014135151390668932,0.01006800697662254,0.013853502327973138,0.01293310960354721,0.01581768665676759,0.022042866835033557,0.025700998915535553,0.02542995326204823,0.03462585156658998,0.00931738701388727,0.00987955133003277,0.013998737407213042,0.01307940090468646,0.01201054946512751,0.015361358362287086,0.03129699650316717,0.02417423015237936,0.015841678388708688,0.027161896510010095,0.02214739951637052,0.001438323905058601,0.02728101902820205,0.02063445779651569,0.033624110085978404,0.011078845465194751,0.01348943140828805,0.010980152652429876
0.004511914621265404,0.02576319995550689,0.008550110098257414,0.0037605580318841934,0.008992789937559274,0.003390775671804727,0.019224196505803523,0.005162233775879235,0.008544803066830366,0.03421165327543342,0.03788065341887602,0.010096235828277452,0.004851266592259513,0.006104892050834787,0.003815606427079392,0.002170114214135414,0.0037039279711135248,0.04197747438343699,0.008501462372640137,0.00598223719842745,0.027161573458613843,0.006792564414987725,0.001990188823302823,0.0061730038854857835,0.0026781370713542833,0.007871976784176286,0.007997481478101885,0.0018248094728217212,0.00224335360410229,0.008524883146176065
0.04847611116162174,0.03812282424904791,0.037296304460664245,0.04804153014485128,0.04647099940145221,0.04829853252490351,0.03338210157244881,0.04181696762415317,0.03263563368705114,0.035279275742285135,0.028688415829480365,0.03711395931788668,0.037783682986862924,0.03890803264569148,0.028750071127785683,0.026640052547250406,0.04741964716061541,0.03699406011105162,0.03151161231506164,0.04846053910549532,0.01415801591782439,0.023264403453036382,0.01644074004587238,0.030753367109037984,0.041601388104640424,0.029075206686453494,0.04433748225352844,0.040439574135328074,0.045398839474362504,0.04473250883547813
0.045022651882330705,0.04518202126909002,0.042688006413307944,0.032047042263960504,0.04087525378149714,0.022688592884489264,0.030004726550801112,0.0333955503249026,0.037569260514605046,0.018802406878577607,0.03597916513749527,0.044918470410173716,0.03045755121766688,0.04500432391830285,0.018757395959456725,0.03115524622075973,0.04459823189775421,0.03067297906023882,0.03827063348753156,0.03367377537579347,0.04215433431172441,0.03637887544330328,0.027422603922279153,0.027846554709925943,0.026646499562866327,0.025081332139056417,0.02190924686140793,0.04117824162725494,0.032990632360125116,0.03622656739851631
4.986608725231874e-10,2.0977896788705888e-10,1.4036429604330078e-09,9.380183855323906e-11,3.9407111598962046e-11,2.155406731535404e-08,2.189046147380187e-11,3.334511491712073e-10,8.464420499259622e-10,4.915404945802966e-10,1.1790964260058056e-09,1.1085845648368896e-08,1.4462479259000879e-12,2.7978117027535666e-13,2.339089947423623e-10,2.60695811785665e-12,8.999251660890877e-12,3.1195163286384924e-12,3.0516661973294326e-09,9.825824919569082e-09,6.026867500279509e-06,1.9899081068378453e-08,1.1046804451920365e-12,2.8628823478839877e-12,5.2045331389468e-13,2.2154533296490004e-09,7.108823474265464e-15,3.754737522061719e-09,1.7202645929007523e-12,4.558014665462775e-11
0.0433156240129835,0.04432289124923522,0.043292628452734364,0.04501666836778582,0.04105077701260994,0.04337771135840439,0.0442985592672744,0.04247306245967453,0.0439057606298309,0.035125275320415886,0.041024033529051436,0.04138457317608079,0.04340990493132152,0.04443100019961428,0.03831977353154828,0.03551605258563251,0.04421763564128825,0.040593545724661784,0.03643710031717369,0.044808912740002343,0.0451285066890441,0.04150240427260697,0.03206352337679884,0.04227633894779857,0.03979570868827356,0.04503205619066735,0.03302737567741926,0.04311323407453038,0.041252023615795184,0.043944278285926966
0.04263221694122959,0.04840196767300912,0.03169537156400184,0.028296793675454644,0.043421865906671325,0.04833143454668625,0.04083700395074186,0.045564752087511776,0.011655877947824578,0.04156659288213651,0.04411897102513786,0.024241436205687972,0.03076167293928265,0.03453493925580929,0.04681440067872115,0.04531490965766736,0.0427168638169214,0.043022401517936265,0.04343875017719109,0.03974414197442705,0.016934958581419746,0.04809844644197564,0.034606016859460166,0.04656673440411286,0.04446068428040514,0.01901839392802849,0.040476349578574725,0.04439308765035506,0.045754642652062416,0.017988252334653516
1.2699861955383953e-70,0.0002251318793389229,0.014963477883590452,0.0037737230015866866,0.003772761297340936,0.003769633106508652,0.006033629411596058,0.0037707047210886256,0.00378313666401684,0.0037846692469479517,0.003826009375541307,0.003784906129288838,0.003773849229211672,0.003676431089751443,0.0004211412138641508,0.0028957754448784576,0.024657546185926096,0.004401959906367788,0.005373622596876139,0.003774239672932885,0.0037559550339853302,0.0038773946531076887,0.003746586689958659,0.003773737938552185,2.3231195084034546e-08,0.003797336392199968,0.0038495252928369183,0.0043475035225413955,3.3458463401938996e-07,0.0037728606888006344
0.038391908309601805,0.04312770556757099,0.04473679309021891,0.04490551025955819,0.03561037267271458,0.036312346399596865,0.04411243399233404,0.045240430429121424,0.04145087090534336,0.02867393680267042,0.04308577975084862,0.04178978440084796,0.04508585305163158,0.04464910363925653,0.03579621856337285,0.026820930251440146,0.04481067740381506,0.0449436591856521,0.0451217824450795,0.04462755034829237,0.033715675976147025,0.0452000733282892,0.03566190934708423,0.0387648685182412,0.044811173876501145,0.04498272799039693,0.04019604728335554,0.03859279688166684,0.04483965992771376,0.04501168430790624
1.8791552273577112e-150,3.1165294745803553e-268,1.0813202618324628e-130,3.903931028019114e-147,7.998249584209656e-234,1.189996313798422e-230,7.610484569361688e-255,3.292898476970368e-135,8.914502055511645e-131,3.332892214771668e-138,6.118010079285742e-130,3.034736455898656e-158,7.785820762642752e-130,1.3512725075270298e-184,1.4827537690598137e-195,5.1038403149622714e-133,2.7067637062117177e-132,8.250705873835057e-259,2.91666459590758e-115,3.0857219030160504e-142,1.7416668874518143e-201,4.5434433838773425e-129,4.0674024119497977e-73,5.0680470009191194e-99,4.423700313488023e-141,1.0060162250476636e-169,1.8214939257176654e-153,2.2021270279441642e-138,1.509579666811083e-261,3.9482556788131245e-135
0.016640903483249387,0.01603613019614377,0.017263783552928964,0.017630009349569854,0.01805690403838311,0.014195783318092119,0.02655123495520805,0.022892094518505064,0.018218772913596873,0.016128090368395336,0.02364195868451706,0.02150116940413444,0.015794102177903193,0.023921046173910047,0.016862039217979664,0.02010384705241835,0.017777696790995876,0.017140763148311536,0.013749290815826234,0.015343548597011165,0.01720934125992418,0.02151266494706229,0.020486666902431505,0.016900890389854956,0.017220431171145127,0.019711297203227937,0.021548302023546143,0.014192336047396378,0.022997708866565776,0.019252819497074827
0.04446211428713326,0.03665873966498112,0.04503537732075422,0.035778928572728776,0.04510510705702169,0.028300080707310785,0.04519809881063162,0.04447240186674763,0.043289387295103766,0.037240873241059146,0.02762100329515124,0.044027617171311324,0.04515496277407263,0.042106792151896916,0.04310188712679057,0.04487949848243292,0.04453256394374161,0.04025649588699218,0.04848112270442256,0.04239971794431506,0.034896365460621255,0.04246301450264112,0.033461213511267296,0.04421424057690017,0.040515170063913954,0.03511238746866724,0.033905108872063015,0.0483049355745012,0.026712420576237107,0.03479782303341653
0.015887488989457025,0.04402690001572924,0.013711232825934165,0.04015223726875279,0.03567208164747794,0.04850134532024296,0.03606662264509805,0.0262273893178382,0.03614806336627517,0.021637599225313463,0.02183729463541617,0.02353280613322194,0.03189625979739221,0.031235966870021337,0.04248151851197987,0.02783350355067759,0.04850397403762447,0.04677196739778797,0.0394155554256589,0.038060285493469584,0.040370100421033846,0.033364075400577294,0.039454909190925654,0.02408398204079543,0.008107881256962837,0.02424288478440093,0.02789066165007672,0.040676341013312925,0.04074978715713036,0.04544522546722142
0.004370202467961249,0.003926768948377714,0.00027694919247368106,4.8400833875425776e-06,0.004448881403497416,0.004178574864762379,0.004094362347785279,0.0006601527387102647,0.00436649868716292,0.0036692613985933598,0.0022492894195750195,0.0006123848496975058,0.004995522008062461,0.00418824124708576,0.004403292330191062,1.4945481629809548e-18,0.0010472253447772746,0.004255042210808375,4.0726807496746867e-05,2.7848026065252857e-06,0.003735226105586598,0.002607151263992572,0.004391469843452515,0.0032520678679834117,0.0042213107016759056,0.001698693311056554,0.0007982167488037584,7.410199771516337e-06,0.004127297671972433,1.9342392223961575e-06
0.03908887523870669,0.04204451262542429,0.02702897888434212,0.03574611405631711,0.04829373224686574,0.03651423005450706,0.02818535476644426,0.03564516565288864,0.037463401489827575,0.03378746936317475,0.031096714256600357,0.03653232935721833,0.038321583444790905,0.04442776116305047,0.03278045562811425,0.041953255968414614,0.03813026392778377,0.034505455881155465,0.029314044051192565,0.034569180688508845,0.031905997231613276,0.04823444688056214,0.0454149402967836,0.043490396773750134,0.04787494720741799,0.03820124661550729,0.04478849238280226,0.03028447945058772,0.04751815935892566,0.037279139823041166
0.006864360364827553,0.014014921326159833,0.002913249855056276,0.026787700562742087,0.020288558363811385,0.00498530743576632,0.017886596200861096,0.020405698893530423,0.015800891560759544,0.02306355727086383,0.02415403687275768,0.0008518839228348404,0.021185747104613465,0.008534491626285477,0.00728012797252218,0.010778763278331513,0.007497101072321727,0.015039287729031871,0.01988127110908276,0.010016830106335623,0.011011787547604526,0.017850705614136812,0.026870261803326093,0.012328268485159714,0.022818508438499426,0.0195811926608431,0.002827064560918449,0.002404345032659583,0.00823246109493223,0.030841823147396676
0.02435193822789721,0.010006471180439448,0.01050020637586798,0.01643492003894223,0.014177134157622118,0.020954018048513816,0.014599842609253925,0.02086920584387769,0.024886276076881878,0.015352481906730213,0.01033132329843818,0.013398654419949339,0.038740258096577315,0.016435832261097873,0.04461855361665561,0.009855840756453493,0.01949006542594174,0.039313967771433866,0.02330589591482257,0.004641117321671846,0.011529876091228786,0.016755347679455967,0.015630073666953265,0.011404122828604295,0.04265404951913744,0.02491084844213493,0.015035690449856084,0.008448936887959276,0.04206841377987943,0.006251028439104414
5.189277141812379e-06,0.018075835546889706,0.004811148936462736,0.011512141933742054,0.006560356412909071,0.011731719949953832,0.026252157611048373,0.01419402431752831,0.012325945573038302,0.015122601755176773,0.006788290564900331,0.029626258246547223,0.0007087058176808224,0.011526718742065543,0.016431998509533793,0.01218706528010548,0.02015553580371718,0.012685514432540203,0.010805496010595116,0.01895457346767894,0.01887059782822033,0.011802851096473832,0.025959648282793877,0.00943551201210081,0.0119198018846586,0.003416811452316983,0.023644967190066722,0.006531044711226645,0.026509598531180435,0.010755255551637869
0.033257828318350405,0.01077707044725524,0.011625732950199828,0.01151740986396088,0.014714168168490856,0.013306508145685828,0.01895449942192306,0.01150667591451694,0.00893119415734065,0.004693259175809041,0.007773656337779041,0.008103637090662804,0.01009888579958668,0.015246644912362623,0.009001632170709251,0.0119145966958699,0.011718239384771683,0.008661283007524265,0.01017928889404931,0.008376357293713929,0.0366876728753856,0.008497325990919331,0.013501136454519194,0.01280222543438359,0.0017643266193989393,0.01324599868832965,0.022866603530498956,0.007550806788603034,0.008622724336290525,0.014451679880119039
0.00017721166545387916,0.00852892075681305,0.00335973054463251,0.003644537337969589,0.0031788399646987763,0.003776192027633165,0.0039012762901393786,0.003967012419157195,0.002549373101212381,0.011965916894167707,0.04463155734103357,0.003529713210397891,0.0034905052575236245,0.0034351733835093472,0.00043542591697284767,0.0036099546008263677,0.009462138645059275,0.004958924837260096,0.008638884319010911,0.003606477820904971,0.003915353248587264,0.006262249810552464,0.014781248311326507,0.010244973755768962,0.001241334461397855,0.004771711348067316,0.005220325236043149,0.01059966432402626,0.010389792966545287,0.003609256414544709
0.02628936209836218,0.02641086898198644,0.014451870554881844,0.020908377013965956,0.005240616683047621,0.022115824453148573,0.008369464340570655,0.011340949948346422,0.0251635954884793,0.008152220803573687,0.0002503992266488747,0.0237802319454757,0.01296918077986458,0.015413897108367472,0.01679686551462695,0.013522279052119605,0.015127329636637451,0.014575099674823993,0.027787544013257875,0.014249512223062203,0.008375150387021048,0.016546300603110856,0.022871980858275878,0.023508471981899242,0.015588035248906663,0.016540720667014473,0.018488300397372336,0.01663301169054826,0.005160724924629087,6.06258880537734e-08
0.04516479110621431,0.044902485255818504,0.041727720078755706,0.04394274194503947,0.043979278296896,0.04788660260853574,0.04241624583406139,0.04473792804863248,0.04469590788415241,0.042607410330091564,0.037346512571937183,0.044046153616674744,0.0379714400074504,0.03338506067637913,0.03393911199571295,0.04492802173193683,0.04380018241873966,0.03310609462077575,0.04444558708140606,0.02639730134082532,0.0447035932971661,0.04405991939752963,0.031093129136311154,0.036527773937316384,0.0333520778259203,0.040099717183982427,0.040333244096858754,0.0405635760962999,0.038457780037269386,0.04515547985710333
0.044869320838475654,0.040867758961010275,0.04211271299323465,0.04089682607540183,0.03696379587448448,0.037056410916215386,0.04517198779323327,0.04468424210072215,0.04204707363034908,0.0359208125354679,0.04472742118697215,0.041096411049081225,0.032726465561316524,0.040846939451723324,0.03181038665759468,0.03924059485434518,0.04236553700070089,0.023320006660715577,0.038801504358828814,0.0440219905221753,0.041988662955174234,0.044405132020917254,0.0364955072321556,0.033114402224001645,0.04046995436799996,0.029350695790639265,0.04509095092426995,0.03936630560684669,0.028720283704132387,0.03739612415920987
0.017378199688829046,0.018658585144773206,0.012152422914316077,0.01796878988440278,0.02877210971648845,0.029545397937259025,0.012645335916478782,0.018990615009655,0.02138581686899567,0.018653679923990273,0.030944940647980198,0.0191466678498936,0.02180084666269909,0.02737959897171106,0.02625934867874198,0.02060730066223817,0.019443915544486,0.01830013851152749,0.01311300992797147,0.026209228085527413,0.024481604101376463,0.02552868796167405,0.02598452093202602,0.020852053807292943,0.018864714543557988,0.020964459033936234,0.0131501559904754,0.023009548796932698,0.037061388746703255,0.0251654863393711
0.041161953081659236,0.026760642538360198,0.0243459987924891,0.04389008401987781,0.021927572409922914,0.04399339199293232,0.02806581643023584,0.0313308264647884,0.04120621870436181,0.029268818248116044,0.020028706436945185,0.035187472993884125,0.033270216667412394,0.020622445618744892,0.029256975386614398,0.035680991794174194,0.025675137054800744,0.02464044959871176,0.02865473245973684,0.032591409778897816,0.021656560346456556,0.04447245136872269,0.027539340524825835,0.04205745468523161,0.04278241748677229,0.037319536976541376,0.02543876686176485,0.017067605975286504,0.028449110978293946,0.021657362796837817
0.019930639514386447,0.042746361824484,0.00042668879703500315,0.032068071432092435,0.01725966064529095,0.011489218183671764,0.03885123670131503,0.0200437559479819,0.016678971513430268,0.02190263797532984,0.027731234800276776,0.00827821946325153,0.04807140763661058,0.03746578276116139,0.0012236626601712687,0.036236911430793564,0.04841653137924235,0.012774527771079961,0.01171394356937699,0.03476677142264533,0.010003350731022823,0.008798797188544087,0.027286568636950607,0.009431389838856514,0.026859496343285102,0.019253814009749286,0.006371287466287576,0.01292479614061368,0.042815386562287394,0.010689078692119314
0.0005910889476964631,0.014340207206836843,0.005228616049874375,0.009082239084102139,0.01112685551874583,0.003368295152021425,0.0049194893517276045,6.878429919136904e-05,0.02582715459680212,0.02339010567731467,9.487844651435199e-14,0.02553921790326432,0.024506470065258308,0.02059064783648093,0.004334001740328422,0.0006152799115815193,7.441819623174077e-05,0.01658253084051155,0.0019121975508306366,0.011294674371526682,0.016049986478439974,0.004934662915481803,0.00473881225254961,0.001904795760070954,0.02260834980811057,0.0021165700098910783,0.00829572047755532,0.0022067687979816742,0.016085636606912847,0.001478170981863949
8.032680251816012e-36,2.3040131941453032e-07,9.693848849167926e-05,5.858062528776481e-09,0.0007432101467632253,2.820092151075069e-05,0.003259332901986072,7.5512277884206e-12,1.3034000442090781e-20,0.00015864127282958556,8.526261643141401e-13,0.01107073955080902,5.978990338500015e-09,8.513763856484324e-07,1.4310115313830567e-05,7.731884342614959e-26,3.3214408041287297e-09,0.0001212573578849175,7.547485913401232e-09,4.836512881640985e-09,2.7313348415439916e-13,2.2328613087086496e-10,5.999719070584744e-07,1.0875569085520654e-13,1.4201123743328225e-09,3.4132754390559375e-09,2.1315095887278567e-05,7.068737137944515e-05,1.0592611806261063e-07,2.0694976707986513e-18
0.01060390508485843,0.016718536747147555,0.006944344318053463,0.011877408548531768,0.004886263548512732,0.01136990511101017,0.012659825447340962,0.011591229797049792,0.01747295931482684,0.027812837957177775,0.023496155086145692,0.008288542582428893,0.006835324576029434,0.005319959868138919,0.015908564719596105,0.011259632485786195,0.007360084857159456,0.014819753877094534,0.014202082879862916,0.009542187294701639,0.01049124379114348,0.006222310368502083,0.020556521084211778,0.006572088620797015,0.00733516748166791,0.014992421943394164,8.998506007975023e-05,0.004536421449491913,0.0022139752775942644,0.01212691287603077
0.022487958003277155,0.01384982474120932,0.014937903145582927,0.030788015724482247,0.018846371590603365,0.01948944691097742,0.028668290181145924,0.017974037338354253,0.009397664273784738,0.011724366890688481,0.016810928851253064,0.023045673611487114,0.01661540768216179,0.0212327447585297,0.03966599485315983,0.013800333830868712,0.014094513378723045,0.0407669361528423,0.015353566178346288,0.014512652390048578,0.031119308332789437,0.015852420837825964,0.03166077385907868,0.02693815781101934,0.04247294149871597,0.027761847754105437,0.01698344203632659,0.012187618254255787,0.023118035508894557,0.012475220562056357
0.014570722928927488,0.016196956451933576,0.012152233992612123,0.018609389092533016,0.0026391067215060853,0.013690762126542097,0.03800082597106373,0.015925306623844764,0.024138098206877883,0.02018747460407561,0.016121791465193738,0.016341111468027546,0.014154381747383236,0.013540866890155996,0.002398622708133083,0.013745419346886868,0.018597284918905572,0.027060910667659102,0.0275307056951846,0.04227306756759046,0.018599275546756618,0.0013754743309926125,0.014320046347734101,0.019050427609276315,0.0428626055662812,0.01420283351463027,0.01870553751753306,0.017466734139953567,0.0031317769402861685,0.01696335804775392
0.026746294092830802,0.02207426332979288,0.00868945054414271,0.029355138332892085,0.023637998618535525,0.025444594879179,0.016861272815577664,0.045004277832217006,0.0003104383256530874,0.025543467076639476,0.032435227722721005,0.04246869764835629,0.02464825251440765,0.02731902090240077,0.001779138441323895,0.04361436084711218,0.02698064956550418,0.028029870459859347,0.031404786150706174,0.020361174609882224,0.03187108156000851,0.04230495024940041,0.02090237983078562,0.028553304043028548,0.009024915447734372,0.02495080497308246,0.03196227282505835,0.0340468064136845,0.03191617149628721,0.029805111788274052
0.014127283305945168,0.044438408918766,0.04435227990765615,0.03842618021018146,0.042919919020725505,0.04165194076366149,3.542294342190131e-12,0.033651742753801686,0.04490108563342718,0.04390738922132558,0.042911822774221835,0.03723571431399854,0.044504367907836045,0.04124704734170419,0.02166589823909634,0.034151151675413174,0.04471741786934058,0.034727676217166006,0.040035876306373515,0.04068360841397525,0.04257679404702007,0.040525399885925656,0.041852336110865966,0.04260171538391591,0.04380023783419646,0.03935849761447919,0.04142963822153034,0.0307714790415144,0.0413472297473175,0.04168938475299111
0.036867373835082595,5.2875176413723436e-17,0.03283082617830226,7.790256937573151e-06,1.4550323005806312e-05,0.00012535179207159017,0.0004204449614753996,0.005390044886478082,0.0017114142605785393,0.014251818779954134,0.03419746502563467,0.026382687232920775,0.0019914908162939476,0.010033047271920077,0.0016156622981291211,0.004543042204228166,0.009562943539834884,0.0025394759339287393,0.009238067141245001,0.013000025405926392,0.037105051741441714,0.0029367610858730383,0.008188236618525928,0.0004313997950979176,0.0013367021072957373,0.014368124962605922,0.03721845153450076,0.038946592339128006,0.033515116021862544,0.008876635202218422
0.004907477612053056,0.008788719383230783,0.0040907599822470955,0.004135030984866176,0.004553623347662857,0.004838080301084869,0.003954244386195312,0.0055851806348667585,0.0036564354847393333,0.0053475297136627966,0.0054597597632530725,0.008754176375338636,0.004233584571394198,0.0059137938642480365,0.00453181614444735,0.01878406946493668,0.004958062367198391,0.007643250047773434,0.006139587557112274,0.007073921711417441,0.004248299670955734,0.0047105265127869,0.00919306741370902,0.016356172361774904,0.0038561800932128444,0.005511494528760744,0.00436786044999256,0.00541818466364766,0.0048765170906741075,0.004592175794804761
0.048419318379979245,0.04810017059791525,0.04846689024718037,0.04734770564398175,0.048485384482044924,0.04821940988130015,0.04729159408477402,0.048054080664371626,0.04806753964256429,0.047389009452797316,0.048061619403760594,0.048228372918744454,0.04843408599299103,0.04811674302119198,0.04842062369503755,0.047325653057071315,0.04730173978517825,0.04824602854901383,0.04737662141507544,0.04826511687833969,0.04732159411052754,0.048416143082289566,0.04728145549935812,0.048028465437603834,0.047332435132101405,0.04842721105741936,0.047490275335968085,0.04826330278821477,0.047416256931546164,0.04840513815218049
0.01453027247011382,0.012839030284911035,0.014596278355092071,0.014106985401539446,0.015276574419426587,0.013626385116594216,0.013395143637762428,0.013621901575032232,0.015903817856569573,0.013337536380648628,0.01320057613099245,0.013171782561024931,0.013669628093460943,0.016874259251819557,0.013886258861885721,0.016847652775949,0.013935739720197815,0.014757928311642708,0.01275907061533221,0.016702758622557285,0.013620811182181336,0.014477649894418224,0.013353293555543818,0.013133176941869664,0.013471204915738708,0.013766775143341927,0.014090473849847799,0.013345794521730589,0.016912872829664787,0.016899657826565603
0.01842177401925149,0.04482955003427205,0.04365259393034177,0.04197634775389721,0.04213150511304724,0.042969902207477345,0.040114898982276534,0.04330437188374601,0.044404211888714074,0.04746513353148131,0.029411310260956322,0.03246386821583694,0.04807563569308703,0.04269222435105544,0.04622999236863162,0.03617974327106039,0.04411866207617523,0.044366590030927064,0.04512533083740268,0.04442805245546544,0.04497469764906077,0.04304560580891218,0.04547602720977223,0.04549208026088067,0.03937531892183642,0.04390846018957141,0.04210707615727556,0.04403085793297883,0.04187700972918998,0.03784818333743847
0.03689806447322312,0.03857710418819456,0.038195560094279726,0.0382806229261148,0.03131648641827546,0.03848804573457338,0.03873803944530471,0.03525193231137596,0.0379788767159831,0.03788146039878314,0.03879289403478643,0.03305276921124479,0.0372988643041013,0.038398314772168825,0.037394203902450344,0.03512825705746312,0.037936529203677544,0.0391666532704124,0.03815813553252015,0.038306319294847194,0.037990035817995364,0.03826745190916134,0.03743935885306107,0.037819264366176636,0.021676852559864287,0.03661156676195163,0.03902884438487767,0.03754479779880502,0.036915806902387716,0.037774550046347624
0.03517599948548647,0.03534991979664241,0.02629682471983154,0.03652420989686253,0.03745530246656474,0.028971797126109308,0.02741356163114826,0.041244475937325276,0.006852255928681094,0.004472838087460669,0.03378879725726804,0.04373334507986465,0.025299367749254724,0.021983846123276495,0.021143277253625567,0.020559954501216803,0.02312237568804114,0.02280685208725887,0.023257833183982536,0.014058800597998865,0.02693963317535384,0.018427917733673894,0.02985330618941273,0.040330142531166555,0.042883816042626505,0.01186268215567076,0.026911724237370156,0.03749926147984066,0.022048027240902338,0.021288483368450864
0.01752523950548051,0.03536710130767666,0.026002340922213776,0.031177858078941634,0.033935152001697194,0.03485354181601262,0.029966694342971917,0.040437707928743134,0.03685494314086979,0.026694649715535444,0.012558129295652634,0.034711645853107057,0.03182269953063663,0.04222876820572116,0.020161948876801575,0.037862243572356416,0.01830604455039324,0.038214240862772086,0.04205112160949482,0.04332685981889689,0.027664475159899747,0.023969156532510423,0.01951261443668518,0.030109190508766533,0.030469986467079012,0.018305798551986725,0.020919239087799302,0.024114464229186672,0.02243851009650938,0.03316227654999651
0.046918210598184455,0.046012139689033886,0.03882294666156008,0.03498770551692322,0.04414968712939759,0.04755384475941763,0.03349535347648024,0.04830566049395574,0.04094469943499631,0.04606331698801537,0.027947221691307384,0.04552493234906391,0.04703348286374325,0.04086560113646683,0.03978103065024355,0.02151847433799002,0.02874925873007795,0.035471760476339126,0.04788805747580535,0.03925516494620221,0.044911085284451285,0.031474729186153676,0.00880443804133067,0.04653403905685504,0.03740660245908419,0.04482534440554511,0.03332129068549448,0.04168216728033017,0.0460214831461931,0.04607671565362899
0.043592526216249816,0.044722239804189864,0.0446651603733003,0.04377899855463094,0.044104614477896854,0.04285548711929846,0.04015280463540198,0.04335224908152089,0.04143750548532046,0.04462264803204825,0.04462090788120755,0.04289914491765196,0.04220169737972029,0.04057422473171807,0.04489578119094062,0.04251443304113149,0.04445152749224455,0.04254726506182066,0.0464119844137138,0.04018744842416629,0.044320330276084195,0.03936712775018279,0.040160544693482125,0.04242395037416104,0.04289806367376388,0.04849578948690623,0.04431363573539336,0.04209821260029103,0.04441071832337347,0.04001731515661129
