tr_D7T4I5_D7T4I5_VITVI.txt,tr_A0A0D3G621_A0A0D3G621_9ORYZ.txt,tr_Q0Z7S3_Q0Z7S3_9SOLN.txt,tr_A0A0A0KME7_A0A0A0KME7_CUCSA.txt,tr_V7B0H2_V7B0H2_PHAVU.txt,tr_K3YYQ9_K3YYQ9_SETIT.txt,tr_A0A0K9NXH2_A0A0K9NXH2_ZOSMR.txt,tr_A0A0P0VE32_A0A0P0VE32_ORYSJ.txt,tr_A0A022QA99_A0A022QA99_ERYGU.txt,sp_P01051_ICIC_HIRME.txt,tr_K7V2L6_K7V2L6_MAIZE.txt,tr_Q9S9F3_Q9S9F3_FAGES.txt,tr_A0A0K9Q656_A0A0K9Q656_ZOSMR.txt,tr_F4K626_F4K626_ARATH.txt,tr_A0A0J8CDK7_A0A0J8CDK7_BETVU.txt,tr_T1MW12_T1MW12_TRIUA.txt,tr_M1D8Q6_M1D8Q6_SOLTU.txt,tr_R1BV48_R1BV48_EMIHU.txt,tr_K4CVW9_K4CVW9_SOLLC.txt,tr_A0A096PHQ9_A0A096PHQ9_MAIZE.txt,tr_K3YZ11_K3YZ11_SETIT.txt,tr_Q93XD7_Q93XD7_IPOBA.txt,tr_M1CK82_M1CK82_SOLTU.txt,tr_M1ARD3_M1ARD3_SOLTU.txt,tr_V4N339_V4N339_EUTSA.txt,tr_A0A022PQY9_A0A022PQY9_ERYGU.txt,tr_S8DUF1_S8DUF1_9LAMI.txt,tr_T1M8R6_T1M8R6_TRIUA.txt,tr_A0A0D3F021_A0A0D3F021_9ORYZ.txt,tr_V4L6D4_V4L6D4_EUTSA.txt
0.04785606196247645,0.031197526520802578,0.03566853357489225,0.03470307901834619,0.04828404617792979,0.04752398262898744,0.04847483217535645,0.04768456313412791,0.031338777450771994,0.04627546189162056,0.04826486743263605,0.032553332256676296,0.03169039365446167,0.03724776580944676,0.03095362201002309,0.048208073646224855,0.032049371568223316,0.04316879888552089,0.031623112644458,0.04522874916144818,0.044768425628126954,0.04840621979031871,0.04787719128274551,0.030949397350035726,0.03029351145332093,0.030954843297475127,0.04787261806043105,0.031616976577241176,0.04831078942831045,0.03565153451469525
0.04237291603484991,0.03990759330052518,0.04282894482113445,0.041576709745394826,0.04497397899049356,0.03853820709106821,0.041786740676800826,0.0449354641336594,0.04214495321956367,0.04245632064438324,0.04308322418922638,0.03982223834570939,0.042786418711562725,0.04078937623644782,0.0436850766388171,0.04490023848717787,0.04259964396501345,0.04019946398086993,0.040114860025187354,0.04015869676205011,0.04071774755296735,0.04258514224219362,0.040834260741347536,0.04373817869900333,0.043729737729742625,0.044865289757364285,0.03702164346716531,0.04113043806204244,0.041539246731493604,0.041199223102492556
0.029242319605751327,0.016707927043703746,0.04083805991367544,0.043267527562825356,0.03376853977012132,0.040516432386748846,0.021439341641274715,0.03964134502358094,0.03406941123897789,0.028728966426608195,0.019210945214146128,0.022369055865125845,0.023748577051530786,0.04142964510722526,0.0228279936159472,0.0297788233535018,0.037689560557984364,0.02523230598039378,0.033046328459338276,0.019796132434653335,0.024124389916372092,0.02591638956978232,0.03684936197208555,0.021498230963591387,0.027433676966816457,0.02257256865413799,0.031041889408415842,0.03174887288902814,0.03654091281000644,0.0340690977345308
0.03675722906938758,0.04133718633768832,0.044692986718548544,0.030377431034448836,0.03964289639568873,0.04334325628258588,0.0337883155729908,0.044663491468552516,0.0434378757477811,0.044822309151456956,0.03909147649564021,0.030710885236973753,0.040965027011271096,0.03059267951203907,0.04199568881211385,0.041892892457761656,0.0336404814537012,0.02673293248097708,0.04258081902039812,0.03686312562919465,0.042502489968715564,0.03926841012728892,0.0333841501120835,0.039404579377635085,0.03599947243004841,0.03665667497187742,0.03688119149908908,0.04244014624213305,0.039299985291632,0.037274782422174225
0.036773554726977783,0.045197031269640794,0.04459644826339207,0.042854391813590666,0.03365448352354651,0.040375094228653444,0.04001593162234026,0.03974910717842102,0.035553109571309735,0.02924724401048959,0.04456167721612444,0.04054635934181525,0.040584976623047456,0.04450566714872224,0.03222095228083661,0.04410039252493054,0.04000316624200509,0.041700295646521134,0.043788196163526444,0.04435535089522423,0.041021438006088276,0.0438867006632951,0.043930758253192634,0.044367758203709994,0.04208070893947857,0.044222304105091356,0.04161181007514335,0.039424324968691096,0.04218465813894025,0.04432065843855583
0.005026374336681447,0.005992190509763286,0.0066222877993522165,0.003489908642539604,0.0038216541410259833,0.003525427511593251,0.00038657918744518276,0.0074139508635181085,0.007435950030694594,0.0053113487344096325,0.0032427438248156435,3.322086424225201e-05,0.0037137166473560647,0.00673363169205237,0.004857179479229822,0.00669160155805854,0.014217214418062674,0.004458422884088603,0.005959736851260156,0.004654440570270824,5.382913736012706e-06,0.004590641842853405,0.0050292033777927705,0.00034729346072798363,0.00038540749024588235,0.004803728810012576,0.0034234580385101828,9.703232797719255e-11,0.003981767472267626,0.015017785954342574
1.1528459769064335e-05,0.045541303690020046,0.013920695224177373,0.0031492488016212883,0.0048616630611846194,0.002154528689122417,0.0036519514919332407,0.0013383586314703085,0.002556140070731794,0.0013102756643971767,0.0025373352006797063,0.0012160046884770218,0.006794359601419146,0.0024647806262094443,0.014457786370499812,0.041280788251201614,0.00940482500105182,0.0003665312128135689,0.007383756389718698,0.00021933995012574057,6.220946500431924e-07,0.006396654649470982,0.009106033461328336,0.043881592942421284,0.0022709740093641937,4.833523883339077e-08,0.0019770766796571772,0.0008443244805461588,0.0015053598106046394,0.006574408195012142
0.00731583090675973,0.04247943759536002,0.03309574877538035,0.014521375669409363,0.029219422194410913,0.01914587081317478,0.031640302355408774,0.025869080527193986,0.04373614678650164,0.0328912020229042,0.04514975480853496,0.0327469287018501,0.020098525664444488,0.02526982744556705,0.04399554031348653,0.04332394525511643,0.04461774011111362,0.016209141663216273,0.024472203755859817,0.029923019662861185,0.040445841012750186,0.012862272609763378,0.04518085831075536,0.036625916012604516,0.008134448366798238,0.036854689530728124,0.02923774592714031,0.003600155053174901,0.021589238376153584,0.008179876541520463
0.007681623358870917,0.0002634872816958926,0.0008688117323792752,0.004669884130266012,0.00017516108321714114,0.03056242465220355,0.006018172699234438,0.030035580640329997,0.0033785072373974595,0.013415473591260196,8.06995014792984e-10,7.104545806028457e-11,0.030409900301394184,0.0017622039601496993,0.0006106221830696403,1.0049167514458243e-11,0.02197006056320286,9.838695234656744e-05,3.4917596247100053e-06,0.0011955277015421903,9.743727683938728e-05,0.012456878322073914,0.0009354689023882954,9.720506101405407e-07,0.0007242940622907185,1.183137555897719e-06,0.0007154652735915929,0.03014696258013241,5.728099705078959e-07,0.033432816070176084
0.024409426538035142,0.04093584177792084,0.02868976410151597,0.026347018440652167,0.04213837500081242,0.026729029750086706,0.024242996595565783,0.034834137000791056,0.04084484902912008,0.036663155162789195,0.039328554469935495,0.04383680243954049,0.01865698587446742,0.025756356912431576,0.021762544888806593,0.026533602285926584,0.03710127564227732,0.030777947266254102,0.023463262207161304,0.02731715452375493,0.04488970584211741,0.03839493236450349,0.024489867914446805,0.02176536147935061,0.04495056879028514,0.04316482468144292,0.02697055708916092,0.034947814962600646,0.029296156448443328,0.025481738072709474
3.4255600892387826e-05,6.13655956210183e-05,0.0008138768706376466,3.363817086295497e-05,0.0004217834316869426,0.00028355769858956373,2.864056588600327e-05,0.00022745323135151365,2.3963800465651805e-05,9.475496393279076e-05,0.00011944360154179443,0.00027276823223552454,0.00026210237718453215,0.00037467291376940264,0.0005580455200688647,0.00025183275465808966,1.6392711686457218e-05,0.00027295570559064675,2.3730810926534034e-05,0.03474578102131766,1.0428551038645768e-05,0.00010263199988864932,0.000251984817673271,3.3420487844398296e-05,0.00011699918321998097,5.126580906716354e-05,2.4261240635401698e-05,0.00024634462772287944,0.000324381455996408,0.00010624838253330872
0.03854400994301982,0.0451926686305943,0.041277482406259135,0.04138171058773952,0.03985869976688373,0.03021279951761137,0.0449802430892766,0.028984601470864534,0.031078090424191716,0.0401828526049227,0.040260019286604866,0.039523934778543504,0.038877080999648386,0.04248528027414469,0.020319380075687093,0.03793852735532715,0.019588806599520312,0.04356716175765703,0.04452314989292717,0.04367180740019601,0.03740242728483501,0.04151272428036362,0.03956436625854862,0.028448147929279244,0.04123616314272898,0.03967467614138037,0.041366981855515426,0.04326676832901411,0.039738908250659524,0.03673101775411974
0.03047231567109648,0.0448103626646717,0.0456983426528476,0.03628220598273439,0.020788184665628904,0.047150957340379225,0.03242389697166641,0.04447599212789819,0.03022928394060282,0.0333544008464412,0.031204069833619553,0.02792835842381225,0.027243698444757554,0.030953895859176534,0.04079304226247075,0.03800672051889184,0.03834719350228525,0.034662464922836374,0.0376253904527494,0.03295964968523486,0.03586685941730117,0.03660161136179284,0.032899005044196225,0.026950951504499606,0.03271332141904121,0.02560874000544357,0.03690042469965857,0.033811655107988815,0.03648284881765546,0.025869623109313584
0.017862673523101273,0.014877873377829061,0.003430051277530572,0.01425306860556351,0.017293363572783885,0.029166834089259037,0.022261205519369706,0.018707566781247638,0.024157539616514886,0.012984234911172605,0.03326240071701514,0.01817686261431611,0.034855896639944775,0.02335894433935385,0.02181547593687945,0.030896046802149902,0.03021582236991826,0.037933631707222366,0.01652279796957431,0.01928831377190526,0.016324892401939243,0.03061365927567671,0.015071828456461479,0.02046308034183618,0.02103858664083588,0.015921791475987764,0.022298413583070366,0.042122265956273,0.019981643200818244,0.015424482672231423
0.04422056393718466,0.04459345597329935,0.044148827073551694,0.043192094709471114,0.04233227302071006,0.04431409778206737,0.04254728588924106,0.04360312765037888,0.03926825779340512,0.03940261253640691,0.04453379356361056,0.04367129122338412,0.040156248730247604,0.042597642077049795,0.003551984794447097,0.04063308441023496,0.04475381095961872,0.04363432398680593,0.04154598631874884,0.044785697458621015,0.04395873807143373,0.041975087720956636,0.04414333836308162,0.04432346897001989,0.04346210996497496,0.04458046770801555,0.04471614217854472,0.04391771616062776,0.04431420994276877,0.031861262154846526
0.0439596864699419,0.0451947558127466,0.0326714620879336,0.043738999864559286,0.04343726775244397,0.042101279647661485,0.04263177514625886,0.043879399194863056,0.039323310102198084,0.04346146648830869,0.04007574566102645,0.04231788587285318,0.04235973259302519,0.044745340179457374,0.03957984540095183,0.042045936911165246,0.038050401396376596,0.04134501884342251,0.04023592300138343,0.04331585689669145,0.04328457383568605,0.04256454797455203,0.04054618401575352,0.03443448755508306,0.03920061926710144,0.042165845446042405,0.04487658769435869,0.04111331777210854,0.041007053172638114,0.04429351605936613
0.020771473028258238,0.0055683209999223444,0.003146145701048058,0.023540736494044,8.641583761672565e-07,0.01612384101107224,0.012339948799947185,0.019693928827678935,0.0018885559973693955,0.02682295840947474,1.946344734536311e-05,6.708895540603356e-05,0.018893690696478813,0.0005533326149032845,0.019757302233498204,8.062528403901425e-05,0.01628397174422859,0.02015539963999325,0.014182512801076953,0.0018715869201661644,1.2126983134529426e-05,0.020543892605270387,0.009011735018608247,0.014996513829870538,0.0008003744783197123,0.009977943849790174,0.0005241206142702921,0.031782597807766114,0.0024002390784438722,0.006933021164009225
0.03410823490038551,0.030875271045779345,0.044859537849554015,0.041497251948522725,0.04060736456183853,0.028407159576880746,0.04253357498920065,0.03923772454540977,0.03958547540327648,0.017814391813591002,0.044166522861024356,0.040604412993432905,0.03854637319682842,0.04099128457379897,0.007334934578723489,0.04309715248524277,0.04487732443704627,0.00817990843538486,0.040329465207483955,0.04042241845005892,0.039455397054442516,0.044668744741189405,0.03043734504884199,0.04068774142878913,0.03764649859241155,0.0410239095786597,0.042153005383108164,0.03517631099199693,0.039610877847700024,0.03215184368936391
0.04500511104543383,0.042145665556098444,0.044649255088339966,0.04496266191839652,0.043973344754725655,0.04523344514858523,0.04388231098757736,0.0450971420543176,0.031063791838487724,0.03703228748400311,0.045144058738824315,0.04041980088837741,0.04502396464585755,0.03774250632189804,0.04488467263048976,0.04465374479182535,0.04481374975070698,0.04062361362756389,0.04475794212448894,0.04495324791322071,0.044426365290034554,0.045004332019582594,0.04315174143848764,0.0444361190775273,0.04460171138000728,0.03925420625475992,0.045111489390748286,0.03937921393640194,0.044103957563885396,0.04449043009973452
0.040006303938495996,0.03728072244717923,0.04542837638913824,0.03873762921941017,0.03971505184534837,0.040095675037027115,0.039362570199878905,0.03643545592522526,0.04527815897094552,0.03894015085392605,0.026919964120668306,0.03241824052819168,0.033503878324927905,0.04208282044978101,0.03757560569097935,0.03628766789412108,0.044508448447505344,0.040065091994425164,0.03511029188893738,0.033543739761268815,0.04471442403776456,0.044701264041997646,0.04421842955680496,0.025963401445988035,0.04212249958435775,0.02092280346554956,0.04346952491490201,0.02394789501383732,0.03144760837559737,0.0450962697391428
0.023039448668975792,0.011175687888533488,0.01928461763923301,0.009621272785195483,0.001418917006724424,0.006871912715866583,0.00042690992720360963,0.026082689849048213,0.0311385013848453,0.004768002665130139,0.016457513919136954,0.013512140706342648,0.01805581359440488,0.0010663133354938221,0.010382089752036295,0.0012488902074949564,0.018088012807950974,0.013600465679015418,0.016627285924417035,0.02822496958032121,0.0112512565003809,0.01364196051233427,0.01533192872318541,0.00029396341762905965,0.005366138361906487,0.00023645116020246267,0.015448348710371138,0.03296493758048596,0.0026063869368904424,0.004802309910964283
0.026969238375837108,0.02797153600935382,0.027071811342354007,0.022851686794047667,0.03709950093916438,0.032302006853629835,0.04401972201796303,0.032761895296674295,0.031177626930103567,0.04498338950163755,0.034882058269071856,0.028064404097699218,0.03208458377096578,0.03397353668124857,0.042847073923252856,0.03367829509665558,0.044850920747460526,0.0450216706302717,0.0269391765614539,0.027045990198415627,0.02636062041742441,0.029153712423473248,0.04492374665485787,0.037543251573364106,0.02849496419740069,0.03879355115976379,0.044899569550606616,0.04451583552554192,0.04240529645965905,0.04170887760995347
0.04460999146238045,0.03876138347701098,0.04473673171234194,0.04432634511497025,0.04392695015581687,0.04439695514227171,0.04474629846111235,0.04387506743917429,0.0381081128166404,0.04320909700146484,0.043745247947160934,0.042129836196389686,0.044728843383713086,0.04303589189799878,0.043248485536491674,0.04287794547911934,0.043911003786964165,0.04513435774895591,0.034465522204307444,0.042858852827610136,0.04440993448620982,0.04479241690157072,0.0434256242678459,0.04442619558542524,0.0450526599650644,0.04448246305741364,0.04509034928536775,0.044738723538092606,0.04457586415563668,0.04485672788615335
0.04168205051971314,0.016113764537737902,0.03951702582137239,0.04458296740907283,0.03517125551051267,0.041784600096741994,0.033196896160733735,0.04479235162056719,0.03796939230153538,0.03798412599171125,0.024759665864454196,0.0019085136534052233,0.03217775928432355,0.03756059563062459,0.04038880666041768,0.03609468704370799,0.04208758918317405,0.0420341540276297,0.04515194488521178,0.041916386134053046,0.02563137151348742,0.039185171556771786,0.04126811851405121,0.03143614871400196,0.040939014537783314,0.032512457516884655,0.044944337301564816,0.027026531093864402,0.038583046893237494,0.04432220264046445
3.876418460684606e-13,0.0011329436667373,0.003620791042778123,0.008758003593324265,0.00037876358404378133,0.004280233510436764,0.004152508848677276,3.146698291853194e-05,0.00019119569368835216,0.003972921923956076,0.01183610964539892,0.030812090252927686,0.007131325064990316,0.002134185801655452,0.0006663694990608724,2.4110542906068715e-11,0.034842477213407025,0.004518786913100953,8.27362230099285e-05,2.875386790172e-05,0.0002153399637534294,9.776289003855448e-05,0.010737231346202348,4.348492211595744e-06,0.015171009654130613,1.5663657383448075e-07,0.020503239269984038,3.387252954812026e-07,0.007415062541454623,0.016133708562411912
0.048378981229070604,0.002500539334172964,0.046055389256005955,0.045565051546624775,0.047095833992367775,0.0023158175448203737,0.0014761799249665914,0.0031998251006622514,0.0021272177733185514,0.005797894806973498,0.0027602725430971075,0.044419700649274425,0.0015041564113335824,0.048291235205943014,0.04777747697727022,0.00270419084322021,0.001368073770189784,0.002385355753885121,0.001467935563875705,0.0029575856458369898,0.002949762733000173,0.0025848921441257947,0.001538223463044736,0.04708656081062472,0.0024404655280772986,0.04841231747584726,0.004590869933572594,0.00317702531342256,0.0031339609935165176,0.0016789096859205735
0.007189546291312846,0.007635361204202661,0.009763522441137585,0.01488037425222205,0.01585520299353843,0.023650088073705035,0.007602609024887421,0.007243005384207799,0.019914488714999717,0.00774753749027202,0.011395282299412581,0.04185439520929417,0.028117650878060632,0.012175939602012801,0.00697151078459002,0.007728402325594856,0.04315778593342677,0.009997219256543793,0.011194116553712045,0.007053859719583739,0.007226858757431437,0.010122802467933092,0.009383835239504286,0.011152489343345333,0.02764419556740487,0.011047032267455601,0.03233053417530268,0.0071125208723208655,0.007254344158610054,0.028869529041774672
0.028101572593799085,0.0293603303600866,0.021098211925573245,0.0178301742177835,0.019591365899930505,0.01960753095979907,0.023752202618078134,0.022805422339456302,0.0238753860568822,0.02507457323533894,0.027605506615601315,0.021416802828185148,0.016823043303500228,0.025318619824055064,0.022899299224024783,0.02680159815659767,0.020595426849467066,0.020800938669075748,0.023983818040410748,0.007807425623144728,0.0019070700433658746,0.023477098367800733,0.022267697512358887,0.01794479828990999,0.01597229592404322,0.017484758354951554,0.021868940947350323,0.012057438358157115,0.019790233801255087,0.030892360560089108
0.0395485442829697,0.03885100035731771,0.041498055293437815,0.03037352449469938,0.036337435649783575,0.036568151965034434,0.03976145422811153,0.039340891058185196,0.0416038562397551,0.039364138979053304,0.04070846611810634,0.04141225218040924,0.040765772067573675,0.04029005070914824,0.037302660652142314,0.038207097338571146,0.04016716495897106,0.04095062277137232,0.04208118938195026,0.03727264195232731,0.0406909077352674,0.04116157712386905,0.039878024467787064,0.04246793375797919,0.04149458077511366,0.03750100150278931,0.038284975303908605,0.033732457720216005,0.03813866900835258,0.032957419202228305
0.020770881077500178,0.011156959117421155,0.008993977773069324,0.011446458955584694,0.016987886547370358,0.01699427644903653,0.011748890846138935,0.015580621527929365,0.013803231486579401,0.012935061647047531,0.02690639561769411,0.011750275642580642,0.02054751736268439,0.015515597817769912,0.011517522827790429,0.021892593276884507,0.017155041282850433,0.02273153427953633,0.016940393446611666,0.016834397412603643,0.019724396075929126,0.01882902013147717,0.01568737658018035,0.015746605182439102,0.011918972727082788,0.01975616605348377,0.022915106932498416,0.010043192459505239,0.021072295950813773,0.015759329784587578
0.03695627773576197,0.02731261814163215,0.03275664832957254,0.02671033831366097,0.03985593331720389,0.023805973566599716,0.03237995916914898,0.03200632890845165,0.029486475210641693,0.023048379849145074,0.023240879907412755,0.027390444325950617,0.016348246925487652,0.03423840098821014,0.034853727986794786,0.02423429375702484,0.03850848555958028,0.0277329036435469,0.03355607865836435,0.024272285149662644,0.03326059348681494,0.03013613610467577,0.03210968685428545,0.02723762049518506,0.024496102302231912,0.024926245709597894,0.04160027011061927,0.019254183758444024,0.03204719077755465,0.0282074450600168
0.012954272495716634,0.01396633779951131,0.02654172249179814,0.034091354193564974,0.03723322205055053,0.015262752816872744,0.013100853870858013,0.03928908301592129,0.014455053635044002,0.017371449252518583,0.018865196882671204,0.01916300889344631,0.027064830865915837,0.017220421439760093,0.02145803955982989,0.016038000842161188,0.03981090931138971,0.04318557865173666,0.02755244738504236,0.018630294915122685,0.011799190015728083,0.01824035011579111,0.03881324901751443,0.010301018074647708,0.03241245259710146,0.03530338137101589,0.012380886983081586,0.014485829432313592,0.014951518300494421,0.007826557617451713
0.035670774447309664,0.03112990095616488,0.008544919625678955,0.01012514736549256,0.026003074474319484,0.016839534110214077,0.02256273550800409,0.013272347586520948,0.025799683104514654,0.025021758434831308,0.018905469484788554,0.01953411709683603,0.03347131599608431,0.037646564974853275,0.04459330656736885,0.009688729775970698,0.011939933317877021,0.0371799164069728,0.03325098172573923,0.032007866435766696,0.03964078165065069,0.03396037966675148,0.02180172739087573,0.023533748217274532,0.017115865170327954,0.0240801145749054,0.02296601624376026,0.018797356363214147,0.02375109073167818,0.04183117678414033
0.02416114989778993,0.028761906889690585,0.045498860340509276,0.021292226483971465,0.0479633536033661,0.047887582384210106,0.04724770825632055,0.008940320840670857,0.025275725321277816,0.048469536007761674,0.04835662671512553,0.022528142211564184,0.04610448663642093,0.04734801423385636,0.04777230532537385,0.04808507226482008,0.02200934231965357,0.0481119396654174,0.03188850231513247,0.048424484535989666,0.032299947441658414,0.04359478410623919,0.047914136589723655,0.04791710789068,0.04783639977683822,0.047907289538417566,0.04818204122316988,0.04791714792854656,0.04839179730147278,0.048297053751249805
0.039805607412244176,0.044364499938923344,0.04202614834833948,0.025428688320028897,0.042966125456066755,0.03039761822099802,0.01951836362872182,0.04188071151108848,0.04466552523867355,0.03996557267320356,0.04411267012243038,0.04150809446797028,0.023679235595303383,0.025791478570393614,0.015429948177531093,0.015657207379315072,0.03805249313761994,0.022867398594301605,0.030485901302098987,0.044502330825347186,0.03186968121952893,0.04467202988547178,0.0440795450861692,0.031628776997145176,0.026033146247524792,0.0341031444554178,0.0396715771846191,0.03983143633639623,0.029864632645235166,0.042547632159872145
5.778349426539671e-20,6.295436667852005e-19,3.167526387815221e-21,1.6801966441356038e-09,2.1227810594735293e-11,3.553466977283444e-18,2.2880761036373557e-11,3.0533438150577816e-19,5.322200428455364e-15,4.377067136293711e-15,8.549094504350226e-19,5.543960247773831e-19,5.527363394083054e-17,9.514382928545367e-18,9.310599464773959e-23,5.63445147174504e-18,2.2582175077737076e-17,2.7150678489710154e-19,1.9154717856920932e-16,1.9498403211318948e-17,7.822842170098342e-19,3.213218568657983e-17,6.210042975161404e-15,3.1631381499230925e-19,2.7967408239587864e-18,7.217804981066954e-19,8.526533004101205e-07,2.366446575050165e-17,3.5056260456937256e-17,3.871380322262347e-12
0.03887073058116626,0.04222609022456028,0.04180916861339452,0.03979950505908514,0.04130404451700115,0.04034406936415152,0.044601578686580746,0.04110179340656921,0.04410642656500978,0.034254968615806285,0.042751394253191896,0.041720652268645034,0.04348932190648062,0.041375715930540166,0.04364286512116014,0.03584210449383581,0.04520021546592498,0.04499197945846539,0.04271973450220803,0.044821723506523206,0.04074168285822695,0.04380235216085688,0.04454385454450813,0.04235360528275541,0.04248111855848383,0.04496894001243464,0.044487024069881705,0.044627672497563914,0.0426709711228772,0.04259744739356387
0.04678582776597256,0.04611591460716838,0.04389236289517609,0.044811845086859765,0.0469272630347024,0.04583842633165,0.043010253237009896,0.042869469422129686,0.04779606508619753,0.0461320602689573,0.04077315656727254,0.048491106490622514,0.047283030534468265,0.045371588179296575,0.04827941200689841,0.042805389956510384,0.048467227415807015,0.04551344936337979,0.046091204905589114,0.04806412610657539,0.0453751935615276,0.043449720891697796,0.04197468174213789,0.04302058785831151,0.04811158951378795,0.045507468968504244,0.0473756718580719,0.04694686805859849,0.04732957039411394,0.043368733258234614
0.04365479772180898,0.03716381730492281,0.010126738734845046,0.03892581654916419,0.012565346972007643,0.03809525975590787,0.012778865972142037,0.0217618731480273,0.041093950209543956,0.02849801369587798,0.021073515104366385,0.0330433382478431,0.04194956904009283,0.023284293163828372,0.02959926216099624,0.003962735820242287,0.031057301616610595,0.018330630928083735,0.03904566337889273,0.04035205677871519,0.0389943688471138,0.031328304808365265,0.032697153341758683,0.03501690349173407,0.037618440381394946,0.03689164558553991,0.02474022470968924,0.023349965497030164,0.024586794211751205,0.02211901210541451
0.04434704463185383,0.04574344634153679,0.04807083546003316,0.045700687313978805,0.04737579310368402,0.04729884225013668,0.04730568415293615,0.04770464068835757,0.046897807826216005,0.04777143696342569,0.04813448126838005,0.04797253975893215,0.04776263572073731,0.047452866058619335,0.04721017192337075,0.04664347197485058,0.0444398116829252,0.04636369092275329,0.04701757591731451,0.04768606808322352,0.04747815578929952,0.04707156627889653,0.04761203940932313,0.043196679986695935,0.04335884294488917,0.04642065659174841,0.047135889738958894,0.04723158891203669,0.04832009249050426,0.04292590634199647
0.0357564710039296,0.03196042917833232,0.03354272597275702,0.03326676830256088,0.03401768709032105,0.038896844069811795,0.04237844944585713,0.044685066133381995,0.043527085402582134,0.04378691018986468,0.04484235926120577,0.03620978306433102,0.042064980230432106,0.043757889962415975,0.034865211841690634,0.043205425025623294,0.03132041750209098,0.035766674678940624,0.03351726183367651,0.03507164202324543,0.03913343237107656,0.03371328759331489,0.044015728580058866,0.032552567674563104,0.03467066845956297,0.03337495527068769,0.044779763895266875,0.0349415492418467,0.027746944122562928,0.03298068754187644
0.04456917300103924,0.04255113492631215,0.04452642067115664,0.04403232810773619,0.04502321571686499,0.0368701476607547,0.044906705641361726,0.04143660271462049,0.040192623939617075,0.04260187556896228,0.04412852211876539,0.041658074222669095,0.04209678355839777,0.04408606338450166,0.04037283873992564,0.04123410856003103,0.0432872610835225,0.0401766606119027,0.04512609996557474,0.04311128173365347,0.041669062602269435,0.042968378801457804,0.04269088994549769,0.04345039200666997,0.044126742037091896,0.04113021458225913,0.044866713844339476,0.04444888511155666,0.04179021176144478,0.039158757832159115
0.03620016908986466,0.04075706598659741,0.037894765173484266,0.040106846522819525,0.03696689314292663,0.035231733186700614,0.040733497982376854,0.03555194257242024,0.03765358006600654,0.0406982810549287,0.035983451680911,0.04196573901628416,0.040268537236030404,0.03180169729539425,0.03799581896964224,0.038693070453969636,0.031174013719800643,0.04105768346298277,0.03420581863552605,0.03742277368133136,0.03944181748450415,0.037107065771394096,0.03760707714444467,0.036353049429901745,0.035967267807439265,0.03395186269488522,0.03736949655704046,0.03210990540686055,0.03992101105185409,0.039772040695630465
0.026432103979064613,0.043715637422643845,0.038866242220277056,0.026370877037213407,0.03777409054290145,0.033275757729462875,0.041377851394706094,0.031828076679990484,0.03717266454957881,0.034731967332903936,0.02481811262276301,0.03519635784220074,0.02367927696338262,0.037580798627200866,0.04112280664585307,0.03995371888003926,0.029581174970792587,0.036622769430955535,0.026464376231696864,0.041573037547461195,0.041393185680429705,0.0261291555835744,0.039533118987175556,0.04174316226753873,0.040442165512365805,0.0340605924540665,0.031127863650255896,0.025072924182011846,0.018119938452144553,0.03799428684521761
0.047677336959277825,0.04402738597046903,0.04754659064353678,0.0462725718454651,0.04828061153944948,0.04521549068660563,0.03486357260870996,0.04733894781680684,0.0340027834832814,0.04822144947970179,0.04661218780453576,0.04619202838407145,0.03681299587193077,0.04283123678339619,0.0481063561684806,0.046617325624653566,0.04421767855620203,0.047063887710631844,0.04821453450263303,0.04661188245180299,0.04845972253313491,0.04149331132387127,0.045323156421964814,0.04489077503972523,0.043634342911228224,0.03893031120251808,0.04704294890508717,0.0477692742809233,0.04538776657589115,0.035683929010450144
0.0201631375686246,0.039869325816498394,0.04296349371824092,0.037439642925236674,0.04397666501597293,0.03748951771851168,0.04458457698153569,0.027372863704132104,0.044681261788615284,0.044600845913921126,0.02143304379560062,0.03607956480234445,0.045232206759385385,0.044484499114943246,0.044881479246438837,0.04503692366080882,0.03998534690093735,0.044861982128184846,0.03888102982443267,0.045210650364468745,0.04519808529792969,0.043622946420064965,0.037287664420762784,0.039700682032031684,0.04506312710371582,0.04408346227314292,0.03860539499280103,0.03264583761695597,0.036108464417886954,0.04511776958416322
0.020199400296751997,0.040093908385953794,0.025400630257982965,0.0049906718081246,0.027457385474492356,0.03232288841203988,0.03708815781877642,0.022939637758158077,0.033152074004608734,0.013207210891706116,0.025093318990123063,0.017900575281314047,0.03601989698793885,0.03509708699700491,0.03485758734339038,0.025688346979352232,0.019857370170610483,0.02471858145184553,0.027256059196733066,0.034850458592856445,0.031072658029670748,0.03681264988075374,0.03145414112915507,0.015553687265511044,0.022114331647719476,0.015159964333369289,0.025418525045944464,0.010152334472305458,0.017715717325875294,0.027771337002979873
0.01984138481144729,0.010032797809742595,0.015755491077786406,0.01452301898140839,0.011520875190840451,0.02183307350450808,0.011601758903170953,0.014453134065649569,0.008686950158213847,0.011992196813081548,0.012485130839035427,0.00836788138850161,0.00712395875756348,0.0010042040296829092,0.014552403230693525,0.01262496206018094,0.01475853696660983,0.013092509237251675,0.014718157508464957,0.008376512638504766,0.008312633633378377,0.012095157021294232,0.015093245193038233,0.011615451259987915,0.012117950667343676,0.013357303473087598,0.007257276772024494,0.009927487625381398,0.008567322794776282,0.012504937293558463
0.01977189566335423,0.03217983207201415,0.014957470977594381,0.03346994521186089,0.013429477803489125,0.02708354574247168,0.0234185977102919,0.024454028951028894,0.03005877042291103,0.032454166194915784,0.02196689331900182,0.01449807953644976,0.022743223685781307,0.031133192183172557,0.01743547916669754,0.019239095321267916,0.01336191610742838,0.014302663074583822,0.022437418757083827,0.025645747795509762,0.02577945176698964,0.02835448705174834,0.014518718581981184,0.0066450987454258394,0.027847142803785106,0.022795183487550205,0.016572568310151053,0.020289965336772076,0.019439785870088894,0.03639961898143849
0.01340297038180008,0.005733936880891969,0.004406573387065031,0.016833226756428572,0.003014639687929764,0.029029185895690448,0.010090375304659116,0.007373652051359071,0.006833712469158419,0.00604306818967995,0.018472068375375815,0.011990963466534837,0.013943038085693419,0.005533641457061896,0.00292316495426477,0.009005170160624453,0.003341020873143078,0.007522525308121744,0.013840822736886912,0.018829522874188764,0.009403830907734067,0.011522538435894267,0.015862303035182254,0.0038947412849921403,0.009070744579839269,0.005517133393379905,0.0051233547660866395,0.011900354687269066,0.013373969371816197,0.00405123251103957
0.018649303211340167,0.022221913575963828,0.0062484242718471306,0.018279939602149495,0.04129897844224345,0.022129067509023832,0.01766054679067705,0.017251298584594107,0.0395410942878313,0.014936070726539373,0.01493751864201598,0.044422823843552436,0.016487972837584134,0.026486137862360967,0.010815875137141504,0.028422988649967687,0.022003014268684607,0.03583265494542862,0.038017486721115254,0.022847664721348117,0.024555133565818933,0.019187020071991828,0.024557029664395685,0.020295835958242588,0.028000376524786007,0.019351264610956695,0.02203703847225945,0.008921561617597249,0.04145108006710744,0.032975687138437376
0.022162931332749537,0.011782818756459416,0.014861363519587785,0.029530066715443743,0.020726557767730715,0.02743803005118612,0.012068206331804783,0.039083126898857984,0.0175214815273742,0.01574780863524126,0.011443698631447653,0.01570872327703996,0.035005840756136344,0.013243284432189976,0.016407291592728475,0.02029531348045456,0.03409914910819878,0.023869450870475976,0.011318187642079649,0.01423420483942512,0.01461206850595513,0.01107970032600598,0.014525087270147612,0.01935355735516833,0.01201012755736276,0.013383307393682507,0.020113786793917718,0.003782369640962948,0.01605538838051869,0.01730809245185829
0.032657328858211015,0.00805656720089564,0.044732800796243644,0.038511543865277685,0.03545295006102768,0.015575971110913522,0.015028219768039095,0.014086899883897297,0.0182325706391814,0.00597708987170108,0.022580583468409406,0.003862794830807136,0.01017367198935807,0.010073381492181809,0.025584990340116277,0.044043321483010885,0.0029837306403315213,0.04054591602975595,0.04108727279606856,0.010515141899254218,0.014859825071830885,0.03087345738871788,0.009365972037587931,0.02313731020180354,0.019132259451551545,0.032541282343425966,0.014021400358318559,0.022105940169010945,0.010360477725827665,0.008490214303490487
0.04200505448559441,0.04269610085860165,0.03865729852900406,0.04230125933207051,0.04715205103980881,0.03738584291691121,0.047821671268783866,0.04624593440800802,0.048052602089031705,0.04513532315526286,0.04833592606046984,0.047898987944170024,0.047978714262617295,0.04233375260525325,0.03147419617943033,0.04589654629094316,0.04426220406627251,0.04148209807159006,0.04486244153868339,0.04434789309537579,0.041908118570550275,0.025847460518200506,0.04351101648278826,0.048210071049207645,0.04455049168839546,0.042034529117747965,0.04817455621379185,0.04409327999470232,0.04199294071545426,0.048432072538585245
0.04208168326656563,0.043978245633357387,0.04379702375100965,0.04234533760352284,0.04411511958881863,0.04511920745968607,0.04161137400310423,0.025647599505310953,0.014536438727862325,0.03154213754652328,0.03413367807796926,0.021206047383663537,0.043069851640473916,0.04043401114252609,0.03914641884824638,0.044533589154694506,0.03209033286690785,0.04477260141814132,0.0411355328832685,0.04509133017443162,0.04433091876101856,0.023137667238373023,0.03167112650586626,0.045001453352981544,0.0405944306934997,0.04487755438117891,0.038148923686504306,0.04366912954513285,0.042304837451402955,0.012669753291192822
0.03529512252722242,0.031958089892402675,0.006537503011202731,0.018235491582949202,0.010763796957339897,0.03304677249651855,0.03592248033048097,0.036471794933348615,0.03582722254436131,0.03323271213820016,0.035966458758743824,0.03560804251785717,0.039035261436368485,0.0358330947962521,0.03310253846946651,0.034784638107180924,0.0379703078014947,0.03614643571740807,0.03505801106016998,0.03616068172219222,0.03542026187200235,0.03216406216314765,0.01193676426936909,0.03526844059879995,0.03302191329807797,0.009215088796789521,0.014826040321579859,0.035347290623511836,0.0338807471575215,0.03463535038721874
0.03751789513279445,0.014070289494790965,0.04383827333225725,0.034164229576540375,0.04292042261457871,0.034544854367576816,0.042617990763906204,0.01885051918390656,0.026618225647022566,0.03305706738548628,0.037013558191703766,0.04353272703336199,0.040985242099073727,0.026268735272017518,0.04111255925357464,0.03857232916133177,0.03614294796086214,0.03363059953097816,0.030364426707165635,0.029227535687488062,0.036195680659739354,0.039398454426378175,0.025768761949887642,0.029075636731352474,0.04186045512437024,0.042815672067807106,0.0428661648445713,0.030424081480493293,0.04483236717442435,0.0240490288934029
0.012525184851806356,0.011601427930627201,0.012572164422570132,0.024105562120520712,0.014528630860228337,0.013104670356714646,0.013082977926297649,0.010979143838871188,0.020845556276042038,0.005784294990825285,0.012569288131930482,0.012989927185597478,0.01833441471829629,0.008382264672840294,0.008567301793571252,0.014003359604809092,0.00820468469230239,0.009013188833780083,0.011940773574213748,0.012770863920898445,0.014038858500228358,0.009468940004151365,0.012237751510901056,0.016667552061742863,0.012582244352595471,0.012070905648138437,0.013557609089734926,0.02745859843630614,0.011725722406759138,0.014610121260143095
0.041565928068818744,0.037917891139133915,0.04054302758114561,0.016163833566880025,0.038256020471675575,0.029294061153777792,0.032861594332106,0.03767783090772939,0.044117372439147026,0.04422974460725204,0.04048433872388805,0.042695442991077845,0.023931424920723587,0.038946126156764974,0.02513184800029308,0.04343470260002296,0.043277703202434806,0.01911733827971429,0.015024473788046094,0.03868711444350825,0.038571117774330005,0.0451678819152701,0.041799879506379804,0.021107191631917654,0.043006179372503145,0.039576401740990544,0.042924042923097816,0.027739465846699275,0.02439711379164617,0.04043551557808868
0.03817111648072383,0.04490337714298062,0.04373968962307666,0.029802851596194887,0.027091385251991174,0.02790679110189461,0.03058351317528952,0.043204785888607114,0.03820663191694482,0.028960415779133785,0.037453061530278546,0.04461245281931837,0.03624011632068456,0.026796797951818344,0.005740425777521904,0.03494833821275001,0.0375230215613251,0.020396062337034945,0.0361403388252592,0.02981139113970322,0.04327962793333336,0.041849468651884096,0.045122940438371104,0.026451102389222998,0.009715396682182673,0.031662841914141295,0.040106033315519554,0.022084826708492898,0.024238154168879797,0.02448649085035321
0.01579773164609682,0.03834684650322096,0.03498224655836202,0.014293721081354491,0.01992500502658588,0.026738437837933823,0.01665363810133641,0.021965619688424233,0.03170464336560887,0.031392279783846656,0.017400966039187407,0.026361004283222432,0.03037319614797697,0.019728196939927587,0.027167008524329413,0.02464015987563636,0.018217427369991584,0.04061688671204443,0.030288919047433853,0.03094848108745021,0.013119213099004165,0.02216706448196363,0.04089149812424721,0.023721525629554343,0.03633875227950882,0.04245649323687196,0.013904198767544253,0.02502929337593976,0.035173471040715956,0.039008200036155335
0.0006703815056838271,0.013661541443175938,1.237336985112398e-07,0.006075253385020336,0.0036238916984862625,0.034002380798308446,0.0085038532104484,0.0006130683515431769,0.003130176488036595,0.010140033718416349,0.018962504855900883,0.00345582276420484,0.03514279938271089,0.0140268633324765,2.3501709808371013e-05,0.001771370928715725,0.0033461344949748117,0.008727072791187437,0.008467768074164734,0.012698812529472674,0.014264283514170657,0.015780427450132244,0.005312968369888878,0.002013427333446641,0.0012425427703533875,0.0011926122523512697,0.006546235285923267,0.02558731903661437,0.019968826426456164,0.038700351497052886
0.03483183478846506,0.037930929356065735,0.04134553208770472,0.03843438417061901,0.03898673953223268,0.038320677321182633,0.03838956001402356,0.040917004718922234,0.039566995193562784,0.03792337602208953,0.04081104533684221,0.041878332201972505,0.04125033378045254,0.03959307341897833,0.04227884782784824,0.043089841032685997,0.044332276879179684,0.03281881767768592,0.04301921565748533,0.04324258894140154,0.033707826093314894,0.04097704028269081,0.04100475011746369,0.03257886552637654,0.034290533270938436,0.042541365000420675,0.03935123725138682,0.03898801899935497,0.04012743744790441,0.039337900673274494
0.013865051311314897,0.028575448717216262,0.0328635729134622,0.013065531804634798,0.026659478466607815,0.01948959622347253,0.018985913463257825,0.018489707866470164,0.023096320166295023,0.0210937208019801,0.024300140729859927,0.01709926633197084,0.03377623034772836,0.02742919722941585,0.026837917739928222,0.01852598119856539,0.0013839251610826286,0.02582417725763569,0.030875845140905883,0.013658965823901208,0.013983407480260737,0.014161216024584256,0.03403156517600088,0.02183195355378361,0.014258101891859524,0.022592894575953842,0.023369370967976113,0.010953607883947891,0.019723714898862314,0.0283253654129371
0.03985351542308493,0.039292280317256525,0.04207108091948985,0.041809608250746845,0.033365998672932155,0.03800607721009901,0.04300025303446602,0.042737247333407294,0.036707501542857665,0.04347508004932467,0.03822672576701247,0.04496575301047279,0.04221694522232082,0.04271826838115137,0.03663950102646753,0.039623392251699016,0.037114487878061445,0.03816964408867413,0.0328262993463946,0.037948225685713315,0.03239486871718799,0.04125714921974408,0.03946315435831681,0.04134321145697399,0.03676907428466814,0.038591328376427064,0.041105794328508055,0.039137156097947746,0.04458690388765236,0.04042171135175267
