tr_A0A0K1PJQ7_A0A0K1PJQ7_9DELT.txt,tr_A0A0A9YFL1_A0A0A9YFL1_LYGHE.txt,tr_E2J6Z6_E2J6Z6_9ACAR.txt,tr_E1ZW56_E1ZW56_CAMFO.txt,tr_F1M6E7_F1M6E7_RAT.txt,tr_G3SCD7_G3SCD7_GORGO.txt,tr_A0A091CXT2_A0A091CXT2_FUKDA.txt,tr_A0FIV6_A0FIV6_TOXAM.txt,tr_V5H6J6_V5H6J6_IXORI.txt,tr_A0A077S6N1_A0A077S6N1_CAVPO.txt,tr_A0A0M4EE66_A0A0M4EE66_DROBS.txt,tr_A0A077S9S1_A0A077S9S1_ECHTE.txt,tr_T1KTV2_T1KTV2_TETUR.txt,tr_D1FPJ4_D1FPJ4_CIMLE.txt,tr_T1IGM2_T1IGM2_RHOPR.txt,tr_G5AWV9_G5AWV9_HETGA.txt,tr_A0A077S9R8_A0A077S9R8_SORAR.txt,tr_H0UUM2_H0UUM2_CAVPO.txt,sp_P00705_LYSC1_ANAPL.txt,tr_R4GBZ2_R4GBZ2_ANOCA.txt,tr_S5G7Z0_S5G7Z0_HALDI.txt,tr_C3V6M9_C3V6M9_ORYLA.txt,tr_W5QGU1_W5QGU1_SHEEP.txt,tr_R9WZ60_R9WZ60_RUDPH.txt,tr_D1FPI0_D1FPI0_CIMLE.txt,tr_A0A060X8H0_A0A060X8H0_ONCMY.txt,tr_S9X5F3_S9X5F3_9CETA.txt,tr_I3KGP3_I3KGP3_ORENI.txt,tr_T1H1Z2_T1H1Z2_MEGSC.txt
0.04686316806980456,0.04647137506858339,0.04611974189050242,0.044004983695024175,0.0430053344466058,0.04721795628676556,0.04616580745262575,0.04828251362571588,0.04821739357404713,0.035632752785039024,0.047574705260644876,0.040576955766659394,0.02472328597848125,0.015139877815864854,0.04721671122225596,0.035196020651727875,0.04765251275789251,0.04669595356961698,0.04404219733037218,0.04408273815782697,0.04266514244707084,0.04007910614886728,0.036459428321985274,0.0303809178782273,0.047686259584009814,0.03937796438122371,0.03912537272672346,0.046297437180986195,0.04516581886036129
0.03941398468858718,0.038378479304051236,0.027095324197956506,0.02058051534847615,0.04391468498497443,0.02772575779500397,0.03073696472566164,0.03601712605228946,0.03198529274898143,0.017860785011440703,0.04142357249586146,0.04114571246029831,0.04503287760424966,0.03564324050771087,0.03845056563403722,0.044620678241195116,0.035250843776454495,0.043571695188481814,0.04046774874041901,0.014019151778733883,0.030468249968354236,0.04098951843550242,0.04162912037518553,0.03697872254678646,0.03857040137079805,0.0399861194950004,0.037226850726601944,0.03243772391863142,0.02141862703634613
0.024269869003386516,0.0259649381196807,0.03989679556506096,0.03209721856920772,0.028560725185012736,0.023137536466843994,0.029410636799589742,0.011518544828757936,0.0408740844807651,0.03576943194631252,0.032622722918763385,0.029585050567858255,0.04079460391162695,0.024325756418113013,0.02525142183667325,0.015888464169112958,0.0324597450417161,0.017865870904466098,0.02862515356332928,0.017647653998091043,0.030027429915823634,0.02275937602609064,0.0256031242492841,0.02582195902876299,0.025251771074236477,0.018096915957991955,0.02491326826410767,0.03388571508038685,0.04224193468244811
0.019652193676863612,0.03860881153413104,0.012897641556628581,0.00955576588592107,0.04321873287975755,0.04354110150202771,0.03333815070881856,0.043530228956058646,0.011384423011005217,0.0365218515121905,0.0005627454209214662,0.03943219942056506,0.015274619172231848,0.02086918756238717,0.04507955179335896,0.013178420577155577,0.010946053002300681,0.017922759643941563,0.034801103981063626,0.029769602847643014,0.007487968363411916,0.028548721249943114,0.04457977103584566,0.02615219995559271,0.022363209778748512,0.003787314756822716,0.028916840993008845,0.024943397128723864,0.005336763072890651
0.04295999071008468,0.036536459140727555,0.041941981195209074,0.04371986121493526,0.0004181683643470438,0.04172090360692809,0.0432796259616367,0.037532637410768066,0.04413662147319719,0.04392327034595633,0.034076750571832556,0.040155201233572274,0.007449437977971207,0.027189646888514232,0.04516207363038706,0.04630861907276744,0.0352335408438286,0.039616427088953785,0.014489291655349634,0.02887671443328576,0.04499962282232274,0.04347395640081279,0.03013650862086191,0.043976153010891667,0.04285938421597946,0.04499509872195859,0.029428633413391726,0.04189792622271533,0.04410427641991499
0.04219918731330436,0.021187536190653326,0.026621884704058095,0.002071715206005853,0.03141705947965775,0.04461906813881686,0.02593761677990414,0.007329279321752343,0.04465561614867876,0.018827344026880605,0.012479136034860502,0.03904781842303472,0.046702530362339546,0.03073405077191425,0.032675021372435394,0.026845945924141953,0.01907670469261598,0.02073077527328078,0.04852889603326372,0.013771398995137877,0.04814776044354666,0.02417242752369943,0.014663358703725989,0.037481740688069656,0.009780488159238829,0.04042098324186155,0.016298123136967182,0.041543458312582764,0.023815526291213772
0.028622564904204496,0.04383474131526097,0.040746064734727,0.019439878438876672,0.027853962462873992,0.0338552918395098,0.0410851958175461,0.026493116088152045,0.044996240135152646,0.04071058987105905,0.01879935102288472,0.04153798316126147,0.00797422375383681,0.03349630353736822,0.031013711395598723,0.045186321309853485,0.03569944117737639,0.04472490000182195,0.007500031553487926,0.02287979365552694,0.029384193001751983,0.023793817093632597,0.03615741799833029,0.04230684987969105,0.0313454721674166,0.025783656566214022,0.04286972900563937,0.04154801821203822,0.04399240869751239
0.015392720536797206,8.438887621674745e-05,0.01563105313586241,0.004898579650762733,0.04521376113092049,0.016781025561354572,0.02264926274231423,0.020582277818121282,0.008990060488675214,0.021267247505885774,0.011223597734217692,0.036013850370074846,0.020877802285945005,0.01956466902388987,0.02182893947586185,0.00135018872361567,0.03400086942353518,0.011887204693373656,0.01645624774799632,0.015779843970006393,0.0038968205416890396,0.02513782567011593,0.003834467925568179,0.025571836575904804,0.0382936404716563,0.010896738430771862,0.02199325669985834,0.006570952196306226,1.3607249687390842e-08
0.037942619724456006,0.029780357777358987,0.010247796646601547,0.025466122197163467,0.007239307912232596,0.012018683218209203,0.003676370669388818,0.0040176085518323565,0.023965987521308733,0.03528380279825705,0.0077865952378763405,0.0008728376582254804,0.003211622258570356,0.03283184090453575,0.018941980629301754,0.0022566057044007028,0.00013282230388624808,0.030021684654805366,0.030136084306938676,0.03065279664407658,0.014056811597466579,0.03206789306171358,0.019452054232689784,0.012772554857147102,0.03501082571809602,0.003253747987172631,0.010741086600869823,0.020992464896200595,0.014264718471028306
0.04107909425580934,0.044933062374376664,0.04234292353361398,0.021520488939930964,0.036240705966220935,0.04520076718047874,0.03535109726942733,0.038297993457588435,0.04498291324922081,0.0447961498920709,0.0449223316178392,0.044039576864515484,0.04194285206073024,0.0427534739081607,0.04516791396912813,0.04056354123947104,0.03343276464521297,0.0421531334102857,0.028996409971835172,0.04246938592343996,0.04231193972355595,0.03998564246382209,0.04474654174015433,0.04430496635766041,0.04277591096111508,0.039552007744317524,0.042274209880244926,0.0431441376879827,0.03759783573530333
0.04521253845991159,0.037738294036941636,0.04305069181211986,0.024051451589371865,0.044166296686093856,0.029986654981605878,0.022231949023122508,0.043125709262762796,0.03723073612493949,0.04418588290944315,0.04160911108484368,0.0369705562641167,0.041512750139599514,0.04495442457484506,0.043318712939721046,0.03409467970262601,0.03487816293496927,0.04317071862989907,0.04127160692333387,0.04511930795346645,0.037295376646802804,0.0367076636346893,0.03440036114460874,0.04525023506017609,0.04205655539343511,0.018090756900014833,0.012693291792709723,0.0032686446117568355,0.03660565311462699
0.0013291381096972052,0.008716625977111675,0.0197932786595433,0.007773093122190991,0.0057300032816768745,0.00788425570891971,0.005565110921849427,0.026888434901369416,0.0017264644335398091,0.030420768589622782,0.03239757015861082,0.023260728362953353,0.021239325699672434,0.0032190471115335264,0.03226867552834639,0.030470298184894475,0.03161690579703866,0.03696506367432397,0.01266442581405979,0.008883927403645343,0.03300712885871071,0.03812433423129098,0.015739005143401527,0.002767413829048349,0.04441342364465563,1.1553979878356799e-10,0.012094365609065245,0.03574171717690597,0.013742475900099341
0.02447553427042415,0.039859353333510275,0.024495142162948094,0.028129358461745396,0.02304672045304401,0.03497945055004671,0.03121826098501613,0.013445797842970772,0.042305128360307975,0.04320390461192253,0.024280442742131723,0.03595283251496129,0.0413660158245841,0.025705042431765558,0.00780549813878412,0.02195664630651395,0.03998568932484871,0.04526939246218897,0.044648629539553744,0.03872719817491515,0.020270651090161487,0.03264171395609808,0.04242287725762785,0.03574404315244106,0.02486383242773416,0.041536384456061726,0.03440793981464313,0.044684972108885876,0.04522746498365084
0.04507682591842056,0.045287217822369635,0.04218530230049986,0.03883677057945399,0.01363859229957115,0.045113564978847914,0.0446341133150425,0.04516036030209698,0.04481193999464532,0.03834870406646683,0.04439956956057093,0.04506210189583601,0.03745741631148214,0.041625550212635504,0.03736471695519143,0.0449671135226389,0.04519585898129844,0.04461156489353186,0.04515124540935374,0.044532171702464665,0.03458056524910935,0.04506420270737099,0.045131567936959494,0.04433365300230509,0.038314902356029745,0.03469117847251297,0.03456728946314906,0.04504748291107705,0.043876619712362286
0.042769528894627346,0.02509384629218203,0.040085413698683174,0.010597795946428408,0.044046862210824926,0.02343595931665751,0.018523604580312453,0.04447199709079507,0.026665451716274442,0.04088012509993989,0.007216293440132533,0.04517911511428453,0.025007391746884503,0.03156979675032928,0.011128689678949626,0.03449346756104066,0.043094851266625614,0.019285411976542884,0.02654866944109538,0.04027247668412444,0.01872256234853853,0.03198298004175605,0.038841782240932515,0.03209432778890883,0.04108637480137191,0.018036831207564014,0.0421326858990335,0.012722165956528517,0.03358685550329474
0.022568687285267126,0.034921125694423634,0.020787829535256323,0.03289363513956004,0.04035422739237142,0.03030703378081938,0.03581346869996776,0.03573982581144022,0.033322210642948755,0.036491080578331184,0.0362608852263992,0.03616075464643585,0.027991066832512408,0.03433512525471488,0.01731545673087992,0.019391213414603918,0.013441628911211584,0.025844282282809505,0.035633751068939665,0.033072148314164024,0.024855015103743907,0.03446717724377257,0.03532491564804871,0.03631194248637014,0.03585047769818733,0.030654921823101366,0.036235459919946415,0.025214173877870824,0.03634869455604753
0.043190971813251135,0.03329677156923231,0.03714767106540064,0.024954882154052192,0.002867913463630832,0.036691722835611965,0.032926592604480914,0.022038410257088765,0.03231625937203576,0.04151007632545074,0.04040203058880224,0.02085503538308721,0.02927725617237491,0.03541481919991622,0.03706294888322573,0.032416597534001286,0.01544988247066524,0.0032427066065095363,0.009459312967659807,0.03367612762935739,0.044413103849593336,0.009916622103330483,0.01289939203594016,0.03835834719672715,0.016021158180042863,0.023563947556271603,0.025535331667476048,0.04516617354055964,0.03301531497475685
0.014983468478099544,0.027269996322868566,0.020593712700730078,0.015053856136760305,0.034481344000441935,0.027444799975962678,0.024513329470219548,0.017749020655791793,0.01242409532386273,0.042659650744975554,0.02493225808556474,0.04430211357868488,0.021284383964416988,0.03496048287681394,0.034864710150078755,0.04157068777124249,0.019197788233222376,0.03398352355711255,0.034438304564526796,0.02900341924874299,0.01938517100668203,0.037006064888158184,0.042642854523675805,0.02291433055662353,0.020273525488429273,0.04043087960302985,0.03238835505120989,0.014212151349062237,0.017256233829138514
0.006801282706035493,0.03756052222574393,0.007790355387336091,0.039119707207467345,0.011463031412342698,2.4447314153287926e-05,0.027678401300504484,0.008396726005830227,0.03498315121445632,0.004009359834742558,0.021990349887876477,0.03669938630069569,0.021725659858847928,0.0036122985584604297,0.03425213161235409,0.03903730094167266,0.007026959078901336,0.010768792887016383,0.00645722095317191,0.008107936975223337,0.039127048605040564,0.03904633286559189,0.009268374756050744,0.012115894696380074,0.03534240815932885,0.016235925226572374,0.0013062799280180036,0.033166349708204604,0.01227669720621738
0.04515642129403753,0.028236974374430797,0.026489505463577773,0.04490485409266063,0.031656701068161874,0.028036398783639,0.02549754496068231,0.029521564024899166,0.03119291875406014,0.02876399638350478,0.04508691532600935,0.04431888235925048,0.03990841197640707,0.013616570689830788,0.0030573897694391085,0.01922512883468426,0.02792427281103187,0.027925362827528638,0.03981408605860984,0.04260278610549287,0.04482587017240138,0.03153203168336255,0.03998353143344975,0.01713999527525347,0.038426615791584205,0.03849872288368293,0.0253667824766695,0.028744935925206997,0.029878666972968433
0.038088489727381845,0.03905015710927967,0.0250117484449451,0.03109343198973808,0.033052284402419654,0.029604890668914564,0.03862358686327018,0.034399209569916676,0.034086833896081546,0.02212534971387449,0.029397030045224433,0.018688183158329888,0.03238207248581658,0.0355132639723026,0.038241946358965946,0.0336007513745448,0.03187457904392972,0.03564591070854413,0.0335498850913537,0.035939335551798714,0.029655777447217094,0.024087149748851327,0.03521057378172923,0.035964637964908244,0.03380642765668524,0.032505905149281464,0.037241450153880314,0.012911632027997704,0.037247306811990136
0.0029056175757247843,0.001321574560616566,0.0024642614575049048,0.007730903526905982,0.0035813391486687637,1.0123525524668516e-08,0.00443908837844014,0.0016961689238897911,0.03757491535883127,0.0023599897484934715,0.006903525530643797,0.0039875105317692255,0.00017614241829041056,0.005492462105664131,0.03480427557533891,0.0027730722749538203,0.001674529130259249,0.004678968597895763,0.0038026032114582722,0.0016138618915188772,0.005870084091937991,0.004324333946879668,0.0015697002632974546,0.0025186896798240787,0.0010776394505843923,0.0027666315128578845,0.0037467614425043014,0.0033307154125419517,0.0023927698501481852
0.040076893920200904,0.028458131957661673,0.03557528606437861,0.017945392064513174,0.008955691656920093,0.0046957391977250525,0.04178593322744452,0.02892346627580242,0.030428151197633695,0.04045141520900028,0.012527234484400036,0.04428860409372264,0.009672739566559122,0.005624419214009467,0.017436734807605506,0.04452059752426168,0.028978096641205008,0.026483934076902565,0.016035782273439114,0.03304792688214449,0.0413322597487089,0.023610438582717882,0.03396479356201558,0.029724487697284273,0.00853236697027683,0.01911938710366853,0.024469851409668064,0.04243181823311319,0.029207583668394214
0.03936899283022584,0.04814602798903805,0.04777056537024542,0.03883955695214433,0.03939136795122382,0.04448923756008695,0.0359459704293439,0.044605345932786956,0.04807184096145595,0.04734766340042511,0.04777626099463647,0.03355111963957293,0.037165272614985645,0.04682466708662138,0.036616566924440964,0.04184647468806088,0.04577077073599087,0.0329180479626328,0.043593995674823166,0.03052895457054826,0.04760203094476388,0.03331761463360171,0.039900404572827584,0.03752126628755098,0.041869978734817584,0.04694675292372162,0.03554556819915233,0.04696890491209929,0.04129903548178117
0.014342889218951717,0.014688746103750832,0.0034457262455289206,7.929036058643925e-06,0.00033430772200161913,0.028148175897061457,0.02301316205610866,0.011271189599883437,0.010990778786821039,0.04525095705593819,0.004319202699960522,0.015097882718061218,0.03240005710925371,0.0038800241745055486,0.016422905729434518,0.003458177208282634,0.004332771938295522,0.04684561077008452,0.03754786702065642,0.041844778893258675,0.021899494433279133,0.016952031018271318,0.021407331517748186,0.0065797348839725,0.004070092202555785,0.007254694227379175,0.0006713484175309432,0.02681538029222135,0.020477114147688266
0.03517145089530463,0.03204544195123857,0.03515612622901375,0.04390027767899901,0.03646963424135344,0.030961085807082643,0.03933241391669781,0.039373119664646225,0.03960206329070455,0.04516390749755345,0.044301540990978674,0.04028991068203071,0.04568680236233791,0.026932810516457056,0.015339386179051888,0.04300288767581425,0.027628076379452315,0.043160347251568906,0.026779847230326954,0.03589849416416645,0.031069970358463064,0.03387431281422503,0.04045943005769995,0.0410391091215161,0.02451736942505723,0.0377852888667506,0.013635676006700528,0.045235660823919735,0.03492116854623127
0.03201586347784397,0.045177337807218346,0.030518304818974995,0.04261896274076172,0.016112803233347694,0.009537795505199875,0.025154107632999974,0.03194627189756201,0.018031895788507613,0.01576252110340068,0.02926290256665692,0.025499391831065414,0.043614650470179483,0.04083071148328676,0.03751094623601607,0.03158534701170909,0.030677209179271504,0.02642573444791884,0.01734451360497322,0.019164696047923917,0.010106647513750679,0.021091882962680452,0.02577150733283823,0.04162416259613348,0.038987073061309926,0.032981227446232705,0.027500765171165863,0.014648288646553691,0.03993088570975703
0.035427658880972636,0.034592048288686505,0.030511313939408258,0.025648627377411318,0.02451647619147211,0.019144389546208923,0.005948625270543599,0.024802955136701617,0.01728342838980708,0.035044504141342865,0.03061531643738969,0.044571363347022164,0.02899395130833627,0.017665001414654484,0.04514939995432653,0.03501821400915732,0.03273821048232317,0.02118876691237041,0.03959631359109147,0.027784036574498697,0.04316189907404504,0.016579632906181467,0.02576455885150252,0.016914204494731022,0.03769122479362767,0.02368960378290843,0.027279465018454536,0.04442259393637887,0.04400034357953221
0.024624154267447698,0.029381187659479356,0.025118673937961244,0.014710860737676445,0.012392849873720066,0.020054639713203638,0.03637722494750994,0.021044028965348557,0.0361553968183803,0.018761677686802522,0.01594734580929916,0.029706187634517985,0.01801736020432379,0.025888002455191714,0.016526586147897943,0.031659560225450564,0.013944161792619765,0.019986953310080734,0.023530486054161318,0.010837453929546263,0.030549429742470116,0.028951188508671802,0.02329173606256177,0.03157354560264125,0.023816714619653755,0.02761019068691365,0.011141563945129872,0.005712109703181914,0.004093692578748039
7.317665676668691e-05,0.045067605044496487,0.023296452282141576,0.004254325508905754,0.003855783902100748,0.027695387776159246,0.022515619836891862,0.02328631455410193,0.006836915156623605,1.5498318126058715e-15,0.021222779393179122,0.023205356741281657,0.008976125454272718,0.033897307275923404,0.031103017757068682,0.009341282093550896,0.000812694914025131,0.004801302480453433,0.00023691399211289986,0.006136253465701283,0.009057670170167287,0.030295787052554014,0.0055664340668977255,0.03386011256997702,0.017492646800500264,0.001889440820909343,0.023056453667594914,0.0017756278013366553,0.014604409291384166
0.031346975965184945,0.016182665578462922,0.02623307658151363,0.016439083859566002,0.036226204955139035,0.03214284940839583,0.01597536414295347,0.021577949566398233,0.0038399772729466285,0.025068083125269862,0.03696645023446012,0.04320224955443151,0.025174812096863154,0.029346348008688114,0.030937200413584776,0.016557292575651278,0.005984158892477477,0.03418153701796802,0.010313394002505069,0.0026064700365575092,0.019807026703732827,0.028300592953782955,0.027671507362014142,0.007850752872845342,0.014889812993840254,0.030432429055991556,0.02425482977398568,0.009429873764631076,0.021630361124943223
0.035912828507685055,0.034473740062185385,0.026018303616476578,0.04101865445719306,0.03520263340609498,0.03270049653252288,0.032900334814974806,0.038517878184348084,0.04496002728720904,0.044133590161975086,0.01730075922088966,0.044326828088310066,0.02858448651798582,0.03599928365233146,0.04487604321097348,0.042031210905741,0.04129128367965709,0.044909092345147346,0.03926176408497767,0.026293029871332946,0.045180490166946946,0.04521909894335387,0.03813666283269743,0.032166928726753995,0.03368871696583882,0.032582337593931705,0.04365485655490803,0.04443021362422126,0.04521000848057022
0.03012859669067447,0.013963353339315684,0.022683370984513278,0.03500286971785538,0.02183851080192355,0.032955628593416775,0.039983931770151714,0.0418265848093319,0.04220648697752222,0.009296326493128722,0.04528348650080277,0.04030010095631119,0.041617531684418126,0.018461278209598142,0.03265668986537601,0.03604867127152732,0.034058582904786125,0.015551427670934731,0.03672285782740046,0.03690101289600995,0.03488175755755546,0.0435632016025576,0.03433937450825396,0.03577088447239546,0.042057444329029074,0.01606776948752846,0.04031811013367608,0.04455051146225344,0.04521552563144471
0.02410003500000138,0.01889236402317645,0.001976585247370347,0.03824763585730665,0.02523456410365716,0.03743664913995321,0.035166760041906255,0.006916095775718348,0.012963717259030255,0.024205435634363358,0.026827778974503214,0.0313768558882765,0.024594048230868942,0.03470851547630404,0.031760197867636716,0.031651237493460965,0.026921767748682643,0.031863741797518906,0.03504247965169216,0.022480107241835308,0.028953938114669606,0.032749446490244735,0.012986012059524783,0.029937932321322972,0.017680264610155594,0.03461431263484896,0.03341509741035035,0.030428873924905557,0.03551508682449036
0.004576035757570342,0.005059032754447636,0.011392580185778621,0.01608833952888867,0.004123712188198313,0.008030747548557524,0.004862001985341354,0.01629806139035264,0.006979663019803234,0.004883494843527727,0.01292767678229306,0.009659010765006849,0.0070785339146261185,0.008889611106536284,0.009455802664962216,0.004762064410984848,0.0172933158585512,0.005185236599935504,0.00635378010564257,0.01128328284172643,0.005503087884110964,0.004992503603165981,0.0053995388069600775,0.004669214250853817,0.004904194175021074,0.009858057728265045,0.004007297047570422,0.004973289276397046,0.005680529730341777
0.033438212352318336,0.036494743548698555,0.036353789237954064,0.0183601825320837,0.035498166469585424,0.03326201978124535,0.02973768567927887,0.03619498610550376,0.034158235889776484,0.03644713839960716,0.02578664560562941,0.027820404453450773,0.013966731831812032,0.029989891879552127,0.036612668307016864,0.03173830973582172,0.036428069357778384,0.036445942923395265,0.03644696831391501,0.03542350505056781,0.03557482223450196,0.03523235210652479,0.036692623425756174,0.03347863734320898,0.03645478136272681,0.03452782220805492,0.03655628861142944,0.03511788420889124,0.026372189364736398
0.014677341908069482,0.012885432969756975,0.014730277786071059,0.014170557182500841,0.02598853919576677,0.026784018401244662,0.03909024261601389,0.02851809406578453,0.035951963232429704,0.02629885160149407,0.03643715473688104,0.03144392371932078,0.014187993100969545,0.019809706708927895,0.006392932425241991,0.03220019717173023,0.013815178222312078,0.021587942004482892,0.023296616272968834,0.013927816046105018,0.025670071861965103,0.03650788053862671,0.03419053675937323,0.021169199224488858,0.03428878566160265,0.03488778345070694,0.025200739781994247,0.005106540117080393,0.012313544733162568
0.036377982956013286,0.029182046742964908,0.034583794133194776,0.04035093037203588,0.03862732447804154,0.0330960517277382,0.03155800527009184,0.026977998530875014,0.04114856410854788,0.034636319552490795,0.029795851532711238,0.03089505667417595,0.042464178603952026,0.041405291182706236,0.04273255552973672,0.029295421260309207,0.04135982434142864,0.016880002421395368,0.04161010841010599,0.04088984860193244,0.04170056690578337,0.03378366462807569,0.039597115423086075,0.025038015537808333,0.0414522808405556,0.013227328794639868,0.02969749518525667,0.03680537178376324,0.02330689744543228
0.021267813620590693,0.030015614682512317,0.0009370204507716232,0.0006057518212642473,0.016210446436591162,0.017778250631143504,0.012423108461905655,0.03565841643604792,0.024671638998711273,0.004472233557799578,0.019982220531663295,0.003535938811658271,0.023406867585022913,0.003513353285391955,0.02345700190818533,0.022692109112097854,0.0028688024722187608,0.017528973215420598,0.015462795239220818,0.03646737715446103,0.03270893662141876,0.009288309513860369,0.03239691883546078,0.014694254413280273,0.027748106587807207,0.0226753012110173,0.03595034845936425,0.029660739739146035,0.003540847816267144
0.04481413976942558,0.04358863630222497,0.034372749151149976,0.04302536554154329,0.04431954271620116,0.03478721216274471,0.04475820293890983,0.043010559824361985,0.044784420274419895,0.04480254758424235,0.04184130089732992,0.04462162511398853,0.04519493580341879,0.04381417343728088,0.0437264981193238,0.04083616430728843,0.04510003939307733,0.03960058776092156,0.042935820713327064,0.04415375063199723,0.04512576987604033,0.045210633567440185,0.0410618819574006,0.03818175253977921,0.04515211093628574,0.04484313362154698,0.04341405337837049,0.041624405410529,0.04213358434744234
0.01770806930548847,0.03786531795820612,0.021179847466206304,0.025335457547488067,0.04525145264235701,0.0047478204182109535,0.01821540822492579,0.030893636473970983,0.039763788832155283,0.04351380489402908,0.04168137367595386,0.04256794506976215,0.04526608150879346,0.02795770317521732,0.021086129220263396,0.02448601618968078,0.04287435055763252,0.038552047929430996,0.01759736348256146,0.04451042814320873,0.029302712574047627,0.03804133651696273,0.03216522054766151,0.025860793986655924,0.044956968363674396,0.020609753541949855,0.04252253242632717,0.03502088620894425,0.02629657540229105
0.04218109406596709,0.011127716597120847,0.03785693680399102,0.041797346282307316,0.04360847122925397,0.041235971898251754,0.04280394118277607,0.03332776664464073,0.03196185897962652,0.03961168999261483,0.01674953813534167,0.03959073908442814,0.0385029666721165,0.014994555706335693,0.0445862804990666,0.04416314873961123,0.040792344728373856,0.037963894649457916,0.03877017117434785,0.026905548283169933,0.012491421758304554,0.04033152304106741,0.03429416161459346,0.03424362169739748,0.040737544014808044,0.04342262047036756,0.03209735016077233,0.04506705991210773,0.037192558884267264
0.035980943037519475,0.041204409408816214,0.03100237513302731,0.024727153931476318,0.040298310736426625,3.6875335906391436e-05,0.039982999211431794,0.037291537070452366,0.034241523139269106,0.03807050744245697,0.0415081358546123,0.035092229928696844,0.03758495571066063,0.04036446410260326,0.045222606228771,0.03995634310424524,0.03608586769120203,0.03557199439418268,0.03208267444172091,0.04229033279333969,0.03552085450568519,0.03670666027368717,0.02963000350822375,0.03364830902096434,0.03953171824497631,0.03774040506431149,0.03317074512834145,0.03299167773457253,0.03947091345581481
0.04252276194940989,0.025717122537338502,0.03309215403402013,0.04835541050289427,0.04849466302062959,0.008010058940028517,0.04716314849851678,0.041000517030577534,0.046209045106477484,0.04533779179587522,0.03391360730643547,0.04016613064833418,0.046291207816302804,0.029957977946807192,0.04382212200762638,0.04274898693125387,0.04049916698279353,0.048492940834115726,0.04517325241492362,0.02758931015798949,0.03091979939004644,0.03862733777073879,0.0484143606979133,0.04373525321079948,0.04850136392295904,0.04583182974731646,0.04277726469631016,0.04601797549131994,0.04424339741939395
0.0448410755761421,0.030319435225368684,0.03874684471738764,0.04024849195001501,0.038926090187048845,0.03204715900551305,0.03679860151522936,0.04419865452712894,0.04136831586042852,0.03931232639797588,0.04426593674989743,0.03676435079155531,0.04419467518545424,0.04489293718210812,0.038590627056176496,0.044252886228749636,0.034492131141838724,0.037362731306130964,0.038968710779318724,0.04436808053588994,0.03868049502030165,0.038653275370551674,0.039000192938225084,0.04004526919382395,0.04501605129973352,0.044932369542720604,0.034836742287564705,0.04473368035038763,0.044164344146407485
0.0346476795701942,0.02006956781205746,0.021441024556759523,0.03530691217066447,0.009092386218585788,0.014932049465345766,0.022257667935092706,0.022847761577713524,0.021876485713690275,0.01595769507116427,0.032913955352807056,0.008832701959587358,0.032733419012631534,0.019681236663393706,0.042958482465583696,0.03862182150326358,0.021952523146962735,0.01435482893206426,0.021473475908023176,0.02243936760759954,0.013991804480516746,0.022934159132267908,0.020760915415171385,0.021619146791568004,0.019764017144881924,0.02164464258286844,0.022100498162187156,0.024548893502255715,0.023876542250337703
0.047747090823328224,0.046425704275647975,0.04808747300420293,0.04130148815136448,0.041677501970683754,0.046991564514548195,0.04507507212580048,0.022813351945808504,0.046712045325750434,0.031066481767443855,0.04573750681891992,0.04230419014938296,0.03864631770220786,0.03253133709058854,0.04803530439385073,0.04480217865520781,0.048247187032752326,0.04814407440706987,0.04811359297030524,0.026813080767738338,0.023309038378403868,0.04317690655478752,0.048138452814512206,0.04568170976301177,0.04349823904412139,0.04550402976760096,0.04798222519921065,0.047138899965675,0.04456997613967762
0.03809900760998665,0.044931199186543175,0.04398802319668364,0.04150950743080986,0.041611105274103215,0.02127339914800093,0.04486339499974784,0.04279034812141279,0.029577449589380717,0.01346283159125801,0.04473565225683962,0.03925498745805923,0.04489543015265633,0.04393928279906592,0.04443836686758713,0.04291752104504191,0.03670801931188319,0.03456245095791073,0.030908322849367214,0.0318194327985311,0.04406817109834822,0.04486687544301241,0.03691620409508033,0.04118636745688953,0.02709375703038476,0.03254768539806161,0.040855746080993356,0.04275616768144132,0.044147127131529816
1.8160719326428559e-56,1.3730977799221618e-107,1.554939984167911e-46,1.3992338348913016e-47,3.318451878149742e-35,1.3276314433730834e-100,2.82222910387092e-47,1.6417948321523708e-79,4.0907742293774095e-48,1.2968152786589859e-48,2.6199563309855443e-47,3.6786582859763575e-56,0.003504698409865592,2.8289610646281892e-49,1.6530549440043208e-07,2.842793477940772e-44,3.3430739405271136e-48,7.269657564145531e-13,6.829202475179547e-107,8.47794850685173e-31,1.0462098087340556e-29,1.7068633388028133e-48,8.032147436249548e-50,2.752196186282641e-49,1.1398403518015603e-53,2.2967231194512884e-101,1.0701192956707173e-46,2.7683950695064383e-49,3.0060428548950337e-61
0.023039129465614275,0.027741730305079825,0.014150593951744847,0.013171834670201072,0.03939233167104317,0.029819413072097387,0.0008707982241858943,0.025722094137176212,0.03806417096959387,0.030343078375157356,0.0016396361978055262,8.517265261600042e-09,0.019802223995785836,0.015494975644071422,0.02118114818207176,0.016104848046976747,0.008075097985897927,0.027912341622464604,0.036828769643052796,0.008140268358579018,0.01929905531034363,0.015661594732455916,0.000504865060368736,0.029914636861782886,0.02971464110894749,0.01630685530195471,0.010460087916144896,1.3322254228015805e-05,0.03150365375210362
0.044678584173121184,0.04301104090898446,0.02470678060351021,0.033889152949531216,0.04474964383275479,0.042938943269847846,0.04363671940480593,0.015017921308323853,0.023223559683846717,0.03973165091627623,0.046118129963916066,0.023021401408064468,0.040593874673429946,0.025220226166075575,0.03717644996584788,0.04441522344840815,0.035921768601833756,0.033929684611902614,0.04347801800220707,0.038753254194088066,0.0433645563134767,0.02199818087860068,0.044030525965603376,0.03228182154961006,0.0447064614493178,0.04090734756397833,0.029544407896497822,0.014271110110641087,0.04550626870148071
0.025226254309148335,0.009700237228597907,0.014309571566586948,0.04141563519628079,0.012707786222588117,0.027215336237488966,0.018260892550418364,0.03654930591772591,0.01839386460300447,0.02039426088438595,0.03810087141583654,0.014057678355025863,0.01948094356177655,0.044405648593200384,0.04186652355244961,0.021178728588270867,0.0187084635731482,0.011014094896679823,0.018938730368462393,0.043189192089208045,0.012283857697183697,0.009908356958235161,0.03815469375148363,0.03536563224127308,0.018309434677568563,0.041022069989003096,0.020795318958509147,0.04251320997544754,0.017931106089957828
0.01566574267991748,0.012347699499704923,0.0416447502669942,0.024183521901782894,0.04190393474102129,0.031177039278194082,0.037654508022477995,0.026440889491256704,0.017249035801937707,0.04273624789025642,0.033715140904149385,0.02232787045507712,0.02061163234169085,0.026825082029828164,0.03154983061643776,0.0452541807280199,0.04330808879862164,0.030888722130502328,0.04314182877162931,0.028098425910186367,0.02834005613251879,0.010572388287678303,0.03317476605017828,0.010358121697514312,0.011659620304927933,0.03038203702370239,0.041588682235930624,0.02172753225664988,0.013931444565211535
9.339062199030373e-273,2.5213312814600616e-272,2.0531833561497164e-98,1.7612005574676795e-65,1.8135687025999309e-211,5.343755008282201e-244,4.977944179943582e-260,1.8094817776108507e-273,7.534399353456318e-257,1.1773618700920845e-246,9.626888699499757e-106,3.972532396122826e-251,7.5614251507890935e-270,2.2062185671475196e-258,1.2430868380029638e-273,3.459649022567731e-223,6.776386678137879e-264,1.866281222810468e-248,1.957664755760833e-259,3.5304769156843623e-268,4.4438741914608985e-171,1.9762566656313522e-254,1.5639282617051854e-242,6.272864668313634e-267,3.7100126228091505e-268,2.1296264729318475e-226,3.089186622786036e-219,3.123077352385858e-257,2.5305626710647743e-135
0.022258677756276067,0.020549657459025653,0.015393527931634237,2.64589141410035e-08,0.032012511831244074,0.02661450434077428,0.038737676707144786,0.03297530072470954,0.015687620227356043,0.02126818900386775,0.014195426076433764,0.03764450216255572,0.014876775106490941,0.040497592357651505,0.027716052643894557,0.012866801495752799,0.029025270892755133,0.014795247634541764,0.016456318390644386,0.012122529365932933,0.022833555687268244,0.026750293381410294,0.01769478729280847,0.013920989872178682,0.018803162354321612,0.0057897793139327245,0.01937793143561938,0.011187541686821269,0.008022222652452393
0.029545754921946492,0.009786381742598752,0.017097413272165428,0.012178600887540844,0.029878475082989506,0.010768247841064026,0.008427396272929596,0.0051990656691179166,0.025993810390299202,0.03119130326982123,0.022275273486825738,0.0424005863648045,0.016218835276580364,0.018382396279247242,0.013443314003258572,0.03129839215143873,0.027777422700309865,0.0181522603322862,0.018926243904877727,0.02647658847782798,0.010620647324475246,0.034237808534765164,0.012225103404034826,0.008877216544038922,0.02065950693073121,0.03883995534589729,0.012007638879609686,0.04144888224382006,0.02066270804847812
0.015442053913013365,0.015227999411848828,0.03800585534458245,0.014129893072311392,0.025037011754688816,0.03547934199311173,0.011969981307660367,0.00653644952454248,0.014792752153899968,0.022483863135659858,0.03123770813419136,0.013050898512574034,0.018175551926005416,0.02728249205486278,0.02364597830319587,0.021502494338671265,0.01599914369247396,0.013978642527070291,0.013727963586489145,0.0008689547038645485,0.020880265711689085,0.01764886744334588,0.03949624188883531,0.0278668529375037,0.03800789711782162,0.03262910924771114,0.016728889148328093,0.03295299439155673,0.016751940160977204
0.01230697523479472,0.01315848439332032,0.028725816224006006,0.02089168783771695,0.012421738152842818,0.03800183998193645,0.016554620500748633,0.002959276187313186,0.029538808267441097,0.008326527799454314,0.020205725635869524,0.014587794531330377,0.012645224082979493,0.006927710654791658,0.011877490446798913,0.01648646737560689,0.04207283214220704,4.910068937636443e-17,0.03274538896591787,0.010638829118874977,0.037589415869351,0.018065401881165857,0.033927080582037465,0.017875811272939888,0.011389875996407482,0.023228096028478605,0.017511572596749757,0.020625001016339295,0.016498638457406775
0.04065837230469119,0.04560737596465938,0.014027446465072488,0.026549163513440707,0.021267917572180987,0.0009083136997080764,0.0028605366775295562,0.04234805695414229,0.0397225349622059,0.02502434074486197,0.04274006024584552,0.0032148169785482634,0.04079330662618377,0.042811359721888466,0.03583493990094232,0.04406023604596258,0.009204116608253718,0.042749092976793135,0.006876440765398093,0.009107077546286115,0.0028780471309944257,0.024445023358042363,0.02914174941297833,0.034860102343848266,0.037292300181419547,0.0459561892884185,0.015452462298933111,0.031143519808579646,0.005957736334929343
0.022955216872177813,0.020927780390922406,0.02259080865999081,0.017622494541734673,0.02359425877511992,0.028842113169367682,0.04047660436320774,0.010737418651440088,0.018121986813585792,0.02626085297876169,0.02577349021474501,0.00048572650047724425,0.022833759640183655,0.01933473423400868,0.012856054653913047,0.022148252712610686,0.02314627500820452,0.035646802578713124,0.013571837750288133,0.03737292842480431,0.034810254985896134,0.017888481222336626,0.030789115948561232,0.03832726820847787,0.00895570266754965,0.020854865766191426,0.036896474562496465,0.027816668971167448,0.02280530031187849
0.043254319035674574,0.026623043792587522,0.04431840354727311,0.038973076665216475,0.042615476936265384,0.012748113406095711,0.0408504794866969,0.043160172919395515,0.0003053971795090815,0.03002634461810772,0.04017077872438622,0.03319832667187316,0.03882704620918949,0.03915775506605343,0.04308242255197885,0.03669349745561544,0.027560210967093452,0.04518637226185868,0.03028219207158396,0.025474885404035308,0.027345538789327373,0.03414680886148777,0.03525022805554994,0.045010376545609174,0.04289640742642216,0.04219367881799521,0.03627603291081819,0.04221534932605714,0.042859608166462365
0.04230633728955421,0.03860819083857729,0.02539995840562821,0.014436664819241647,0.03791595651701937,0.01766588451947637,0.03345670117659585,0.0379086624266754,0.015736257131890505,0.004119550510029121,0.04266938964269097,0.03144349510789351,0.03399339872846992,0.04482755657833825,0.041729898276872235,0.016776569040285877,0.04195717496990774,0.02163999671136537,0.023933519646881368,0.030378979001382058,0.03872548482158468,0.032608396962811995,0.039185516048377646,0.036438013031957935,0.03700884691809171,0.04106361437883829,0.04038179253256616,0.04464915869684848,0.03034818663261516
0.011916395434777715,0.008337028360934548,0.014772506656214737,0.0028187689472663107,0.00045166088312331313,0.014222284737019964,0.008839293831136418,0.010181181668256382,0.034242384107898496,0.022471585950736155,0.011157637737425848,0.008425521396341683,0.003308181716370464,0.004028081071326712,0.03733396626182407,0.02145423453450152,0.009769983688473375,0.009043357509920344,0.022882805687966447,0.018909182750825843,0.02221125868280892,0.0007750455329336993,0.009246751098075379,0.00898067101248354,0.013352396465383363,0.037480499246730366,0.009815710488765084,0.011200619219456072,0.0032498907597796746
0.036886483849449585,0.032852247620881896,0.04229478009997514,0.03563850021529396,0.03128094882266212,0.0071758762126267975,0.04143649218059495,0.027586043647877118,0.039666774293854755,0.04056858978580186,0.044931982395638836,0.03533028932980996,0.037855370205053904,0.031231018218829548,0.04019409099485059,0.03719145394543959,0.04163052293989598,0.03658552758671446,0.03984058536365606,0.040156983974305935,0.03927795129538547,0.039210618603253554,0.04039929330607156,0.033277486197500775,0.041090941956405,0.044971732828259156,0.038001949410867895,0.03779302999457407,0.04245229347093289
0.009995553800698182,0.010810330270397675,0.04209075690490756,0.0329976148031786,0.041420777110295987,0.0451928984342902,0.02961820766265173,0.03637394166003688,0.02213694143792702,0.015022642170480882,0.03610123054131299,0.035051673439113334,0.035732347073237254,0.03884714137593896,0.033650972904523936,0.02408862884229781,0.00396439083918885,0.04529801002659544,0.01787941726468531,0.0074033313018873285,0.042790208728706314,0.010054997596096708,0.017769122449132473,0.04320821842731164,0.03799852612146071,0.03164704714895926,0.03078354783630627,0.017905890796295485,0.044862380045212466
0.04295280072853375,0.042403014678924836,0.044534675046445295,0.04128921983992717,0.03693345192858557,0.044307024720332974,0.041047295831548994,0.04086978112101858,0.04097157206950091,0.040257985478717784,0.041012637014132484,0.0384701618796345,0.04058045047757247,0.04126312675222149,0.03273554255122406,0.04484968324057326,0.04520273845209212,0.03372850106239667,0.03741293747188012,0.036262282906615866,0.03552384550785151,0.044563509842773436,0.039401698767507064,0.03250654714009339,0.03756360080648599,0.04465334197764122,0.043991803981469416,0.042839097596931566,0.04485847943870531
0.04510394056801513,0.04479859044682739,0.03915621384096214,0.04481268181051992,0.04234814693843853,0.045024378842040955,0.024579692472927555,0.041481895872748864,0.044242529136347776,0.0451337182116608,0.04490695504764611,0.025885742126048383,0.04498262407467568,0.04134839702775111,0.034198692630792484,0.0396073150952855,0.03889940916669901,0.040941517065943595,0.045059526475533324,0.03586822742703248,0.045160284296705516,0.04502715581053061,0.04497646730684788,0.041493349875630095,0.04172196519323443,0.04115157526648565,0.03839836453858776,0.04157174948148354,0.04427731811866613
0.03922498719888553,0.043170511539479275,0.0316403237351493,0.045158743023871004,0.04014004709348168,0.04234125709690901,0.03751776322592101,0.042430696592185436,0.04495589493745883,0.041996944792826715,0.037909331600736666,0.012299496921218508,0.0393515247637758,0.029446323272060097,0.029375046750045552,0.040271437126780454,0.0067584260830880795,0.04512597692054946,0.037249875463243265,0.04292830686544774,0.0452208024634629,0.0425746695117291,0.04223874226641649,0.04467719936503599,0.04468995528296746,0.014062917296719463,0.04377344751048496,0.03824083231680843,0.035293534864618815
0.048130447572996664,0.048138105427266424,0.04213161603590751,0.04822649459343464,0.041440724115194984,0.04266669130677862,0.0423703396223693,0.04309156120337112,0.04751901801368724,0.047755964217664246,0.04836928421460719,0.042058468028588494,0.04763579250802459,0.0467812670989786,0.03150248801323411,0.04817752197964457,0.03324249836062304,0.041361441816534915,0.03777953930970181,0.04812300898182205,0.037969534985460365,0.048056596949607455,0.04281057424368913,0.041902088765693624,0.04845834623968013,0.041616544277322504,0.04261783717618377,0.047180243640490366,0.047796360130737625
0.014421201541159648,0.007040531890207204,0.0038824372401624926,0.004012502896241282,0.0069402371350483286,0.02194982899998146,0.003878949968692926,0.004960740445622183,0.0034366629294297502,0.01874999226837313,0.003948949154340173,0.0038831219910949073,0.003918420649760293,0.0038892393381308285,0.007842887626155863,0.0037729249870155444,0.00448790091643011,0.00962837055428432,0.007656370298456006,0.0037722921215258276,0.004102165535338726,0.009561978921291873,0.006237147956586779,0.003867323554673183,0.003861113792639142,0.003819529465627427,0.003923042730552945,0.018354274869663435,0.0037819148875471234
0.04336726543246206,0.03583825870045906,0.04504074656573939,0.03830131107120947,0.0354954216792332,0.004408297901615825,0.044738310226468216,0.04430579904991326,0.03636499896956171,0.04512907624439211,0.03700515782874806,0.044578607265708184,0.04097151586821057,0.03159594691849631,0.04355169560360367,0.0429463975593251,0.04094092821772391,0.045186440627601326,0.03888130436557827,0.03232504272258832,0.042757317633625155,0.04279755731087222,0.04502505820052573,0.0417561715300981,0.038966883653101,0.044577620475379436,0.04136839518427532,0.04309431965852013,0.031520172845069847
0.023264482579690222,0.019108799568943114,0.0370545132381434,0.02148142061409285,0.03658636009119951,0.028317092254492394,0.034444121672589346,0.034499310984192094,0.02451705252237319,0.03582101618651666,0.023013121249386086,0.03526793110029941,0.022196173104397712,0.030499069325841472,0.03407532380418794,0.008217688771795165,0.022733911937006596,0.036474092255199764,0.03548886139624041,0.026803027494874246,0.03604212621845445,0.03187525548323888,0.01669233753946836,0.031169696327358214,0.02179984380287778,0.010605023465149917,0.034790658718823975,0.008670562916045878,0.016484503651230307
0.04511256783791264,0.04328754158920708,0.04452374046633586,0.03066207359241155,0.04501326784602595,0.029380489891517744,0.04469626670876941,0.03943809180436834,0.038905132680147614,0.045092528096658216,0.04518105629457471,0.03903708580212161,0.034714966503125104,0.044071704788093066,0.0437475742226776,0.024268885043646767,0.034688776196884784,0.0451595415244256,0.0437664738641267,0.045189922068854284,0.04451851634359766,0.04206928668414643,0.03908317720761285,0.035640716646849833,0.026172478522535618,0.044450612075852367,0.025917024264027158,0.027035631332797336,0.018878598825654368
0.03645227513116871,0.033149606071551124,0.037079621562758576,0.034852793110017787,0.035219527692643686,0.042303454912142505,0.035757817266511914,0.03411149260143895,0.03686792316999149,0.03904228165108939,0.033971687086273815,0.0362184343389218,0.03733993580324414,0.035038638424925994,0.036257693538836525,0.03886298863852351,0.036364518318083926,0.04520499005807435,0.036131828119037084,0.039047050506108905,0.03510082207159901,0.03912680862642301,0.03594275649769191,0.03514662935230634,0.03912757262080032,0.035799636423162,0.036150747662900995,0.033985951519100874,0.03307473885837031
0.030794372228579888,0.03474621985234329,0.031486149218752715,0.0334473745382646,0.04164436323550838,0.042719037065166235,0.04438267328834704,0.03490834517155103,0.015366075995361592,0.04194758144859363,0.02746167168929813,0.04456337037208412,0.013515312284033899,0.0451863352062461,0.042232270220801574,0.04209968627153988,0.03446479191599681,0.03908812158371564,0.03763342345474716,0.020140051126801225,0.02575509812128223,0.02373699339616734,0.04316469197181161,0.032097749477078406,0.044685224999956856,0.02533527933745921,0.03492784476475522,0.045066860325893236,0.04510392332532506
0.04830366480824529,0.04301183924596187,0.04656500771589672,0.0348537667461617,0.043434902659229765,0.020511248279974546,0.04046697896842179,0.04248486187772722,0.047564742649189945,0.047907634151526046,0.04105810428662203,0.03981740793713319,0.03602042499572782,0.04806651706893004,0.04365168585378147,0.04543682008487272,0.043195059855136136,0.04343657842132784,0.04690512986539606,0.04262311549722595,0.04683337759978921,0.04816731671276136,0.0483437071771745,0.04367654521454059,0.047665130599876045,0.048432800968877476,0.046458812859321116,0.04684230465550274,0.0484434874040338
0.043385052410759614,0.04520235775602019,0.04494246844203827,0.0451746744010864,0.04336779229191047,0.021102614804849023,0.04494108611566679,0.04515411085717143,0.04410600894810285,0.04486950979798415,0.03904739359103659,0.044390661377795654,0.04393157192021264,0.04383529712652562,0.04006702094370703,0.04515569493742265,0.04506343782563917,0.03978808435811509,0.04374077337429181,0.04366990755154129,0.045126571448202014,0.044971811048217444,0.045108025938794136,0.04440554210113143,0.04511263641849784,0.043236015325501656,0.045228653204488906,0.04384534126983965,0.045130410312953416
0.04482835076432845,0.04302993561609559,0.03936007600811132,0.043470665119920496,0.04497793524840345,0.04514385794863525,0.04390547052742418,0.04201492828517432,0.042324131829091526,0.04461968264715218,0.04476419301780185,0.044082807958220366,0.04112816076956821,0.04482318019759354,0.04126497379791598,0.03418027416052114,0.04509463634854237,0.04322632039860856,0.045082201220826734,0.04509150470720141,0.04419272752603806,0.04128360307765483,0.04349521871164663,0.04350316260520886,0.04366204389309766,0.04521753486802073,0.04510749518386854,0.030374418385973958,0.04424658565351769
0.010330747318983678,0.017442338999727566,0.015368460517323134,0.03777738784068922,0.0153197941988094,0.005262533606842899,0.01413931499734818,0.03262028292931517,0.014508650443162416,0.01088222931390819,0.031930144287780404,0.012141302566552048,0.02349914633468436,0.003665144278911507,0.020972252709623815,0.031226695792005064,0.026130085340054825,0.013352352495917562,0.013442959675508334,0.010179756204914153,0.013489659923066699,0.008725779199019155,0.014593146150239544,0.018374124454166404,0.020514052265446538,0.03399076301652467,0.020824407441869357,0.014219410285610868,0.014231913039600958
0.011472853046020026,0.04031246070430815,0.016412837824252947,0.024393431680909128,0.02524629019441215,0.044925921569911056,0.045190956646127975,0.031487030852081654,0.002106183212760191,0.0452135198872142,0.042693986537349765,0.04501220198009094,0.04156062585012333,0.006355596197965023,0.039565523730111116,0.010241738302154205,0.03406617671432093,0.030050621026094813,0.04505801289726448,0.018345708754399614,0.004603300962345239,0.016830213668520947,0.04497124137648313,0.04454040894334195,0.04482597723309205,0.0432042075758753,0.04475490286681549,0.03938436985475203,0.041332121325513595
0.02941520064660892,0.04500765330263493,0.04473552040211694,0.04116275324201861,0.03908188101184064,0.03748681673959503,0.04194520691000868,0.04513169763577868,0.04329591797169776,0.04509577402712819,0.04509252709152592,0.04187925362533349,0.0410435371859266,0.04264456949902659,0.035798203365030715,0.04379837252057823,0.04501466529685215,0.043257895999210524,0.044339640889058424,0.04495077350240372,0.04415904941513317,0.04430023875939039,0.040988246115024135,0.036719159494628645,0.04122765580082671,0.04386156197089401,0.04490701118765926,0.03976938597238073,0.043195860611545844
0.044740594462365404,0.004337852669379422,0.01804895150480635,0.03596385427005963,0.0431469014383632,0.008640761808920174,0.006420115427688511,0.04851294983830917,0.025784290211865093,0.007272310958247617,0.034983602626756455,0.009397981973949901,0.012733287062464583,0.04306228136055294,0.007017568208806887,2.3962012554707394e-06,0.0362836367730717,6.434839661305104e-05,0.005805961017070079,0.010338489177801311,0.004921797633718776,0.0007815949614277845,0.010009113221841793,0.005330321156768471,0.0021339967146417034,0.006056870479413482,0.003939485663723675,0.0006071402419888434,0.0015883865650983926
0.03977807726819271,0.0443902699176896,0.04360465782365994,0.021487087327642512,0.037599046511964614,0.03883356528503897,0.04335034789805688,0.03113624836499287,0.04099084940167438,0.041472344996941204,0.04520484073273727,0.044429457576898534,0.0376069494986543,0.03568044922546429,0.029952680445218316,0.03290862564249479,0.04074129844092187,0.04347604898406727,0.04427969312755471,0.04004309187269681,0.039548015659797056,0.04437007710197976,0.04393355400878412,0.03979088602162888,0.04015371033785492,0.045142329834132945,0.039856062135575326,0.028216522876002074,0.010736975441589622
0.043916475726131346,0.03857881094609604,0.03152651978434001,0.01883859503602371,0.031224600119326436,0.00048021644556659826,0.04681235763877685,0.024959149088122794,0.033171907126893004,0.041048560461693875,0.004127920291068019,0.01127415064751269,0.029098161387719965,0.004917413976787258,0.02422783747459681,0.0001891302048350987,0.03468487465541518,0.007289369997191196,0.009407267496242724,0.04361304687085679,0.03529846107106756,0.015082430520736153,0.021037982962761347,0.023338207943443025,0.01802000292897018,0.029641855786583578,0.044049610630554056,3.817989639919599e-05,0.010629627315448947
0.04183825460689679,0.042801020873671054,0.040276044196600094,0.02064437429497034,0.027383385920014332,0.04278983497847066,0.045869377231639905,0.03362895790958706,0.044646108757740624,0.04080533776916985,0.0446583720491891,0.045038084690911986,0.04330568364494913,0.03039833004030952,0.02080033655536659,0.03968994831236557,0.0451267724655456,0.02982731199279924,0.04495183591504291,0.03762827526465011,0.042680221444307914,0.044832101575985744,0.04515115933610945,0.031490892067415524,0.04365478391979687,0.01813314412575387,0.0447644623815773,0.033583359414283996,0.04188849400241508
0.045126663333293494,0.023159129808112328,0.03033706460640659,0.047377416429082754,0.014000650829484467,0.035765262553609484,0.04438712541223365,0.04238401589516339,0.04559453899670596,0.04381996937013845,0.03607112393734607,0.04276096226464891,0.03731974506101204,0.04185436915944791,0.044644757923379574,0.0324420123074043,0.04520346799091669,0.04517927401926734,0.0449432280293615,0.04316145189743714,0.032181627111107745,0.04317101567483031,0.04520279460564177,0.0435297469331217,0.041758000409086365,0.034589371631638874,0.028434258005713288,0.047015510600412425,0.04217117027331369
0.01649375050436206,0.04426280561598714,0.042934363105188715,0.0007551035492218567,0.044271729837515816,0.009200561083610451,0.020708095029689684,0.03806120669023,0.03872800978657874,0.041529913110062155,0.03224639524477897,0.010632951968364017,0.022962615928382325,0.019176897486095155,0.0326730857475232,0.02887788592660702,0.011310205381805074,0.031033418889201483,0.02288293019030381,0.026990261477636057,0.03453993009108918,0.01445873147887303,0.023208200936922184,0.006665714780380182,0.04434448797654676,0.031943620627434464,0.04043824560565447,0.01831277303170456,0.023949514354772022
0.03959891773958163,0.044915746369341356,0.038311164054952225,0.010025118323539858,0.03388375637940092,0.030051738690609814,0.04515875976416364,0.002255971525568467,0.027937292685476678,0.03613579265972358,0.028612829342675578,0.04242566347343234,0.025979915266139426,0.03643654393346096,0.04375822963254457,0.041368846038375165,0.010092631031028296,0.014497662045228024,0.019886635778622177,0.019928378448394415,0.01807265081853499,0.0231116564056998,0.02431049646632665,0.04241639364607859,0.039522681274062166,0.005175490188524867,0.03478009589218363,0.04471862923263567,0.03078598972722887
0.0445838257029965,0.021324956135983654,0.044576204739872935,0.04466575218505402,0.02884002011249851,0.005441776419768342,0.03866108750901495,0.040448206183567904,0.02950024504551592,0.04253777026842013,0.04517114402024226,0.04516991528541768,0.044137480308852645,0.043382277362106036,0.044775105008503444,0.04495404842247426,0.034786395664888003,0.03887020640143432,0.04337128634809503,0.033271864036268625,0.04317066978445188,0.04309825065566725,0.040558701112771656,0.04242469732572331,0.02680231627106544,0.03588754722092552,0.044893920768461854,0.042084772319891606,0.03857396707398062
0.042531543508857864,0.04120297223610157,0.02736706132330867,0.016239816802815672,0.015367662110715446,0.012259231804207257,0.04428473837988407,0.024278266580725093,0.02947834961953943,0.031111692055508004,0.0257966351222933,0.03563766538828997,0.00017976634220540397,0.04099538406451474,0.03284744813416473,0.04267067379489001,0.03702245660958331,0.02092365601404137,0.0008173437885602563,0.0011622813130261818,0.022038310803271517,0.042065279754870226,0.024461298367727834,0.031113717605178788,0.0076238064241269665,0.01717645051417714,0.015800109143003158,0.045187659919621745,0.04516773886326678
0.04514963669401596,0.04259350202712578,0.03039426791965226,0.042263509279376166,0.03881557520076488,0.0161930478369589,0.020304642379151142,0.0271038340410367,0.045057158292799576,0.04511685094386114,0.02710712132119746,0.008945039724805372,0.04196893615365589,0.02779141078778167,0.03640937266471049,0.03647665608281604,0.04024616462724431,0.030431912694485252,0.013436119115807471,0.045193107409058034,0.04469641566604312,0.03170183000753468,0.043392205944947415,0.030226590329009317,0.04130433898750214,0.015141187126543975,0.023251337535253963,0.013472957772623216,0.044803311878380866
0.03837364386329444,0.037166699655483984,0.030299950843718365,0.04502193297479547,0.045148887795334866,0.03238117995300459,0.04276706618738066,0.04323350874703422,0.03527123117643881,0.042604504258694206,0.04312855110965103,0.03745435449635188,0.032518047058051294,0.036113596458339184,0.019361756578719233,0.03416141276226909,0.030665667593370565,0.021546518928717312,0.027946245969020542,0.04220304076677895,0.04116039247574388,0.022216728329200713,0.03083873906014513,0.042661278876694186,0.04471075290981,0.0451807330131125,0.04431166471555417,0.02759759846971952,0.017802207938424866
0.027750549274346246,0.03276447789436181,0.028663171529636836,0.025222488953189647,0.015993192596169686,0.008700881914852592,0.015068687212061763,0.012164598072227011,0.044659415386362575,0.030523399394553858,0.023832493727231997,0.013517482631660855,0.01264386299312201,0.020483005370127656,0.008881167484660377,0.026948759780143824,0.03966710389556027,0.02528453784326963,0.01180829026404665,0.01457315037280759,0.0307226575405095,0.027583159368876044,0.019080801968827575,0.03853489794859022,0.015183956317663923,0.03752268581651763,0.042586245455273675,0.02641920009319957,0.01268140638631368
0.030530985480180364,0.03667849222596969,0.030741535783632645,0.019899140387941088,0.02676360308164337,0.01940205319629345,0.022681642927218276,0.02282273581537094,0.016880866117784867,0.01718401923003387,0.022267814918472788,0.02093612453455692,0.02447985052016422,0.03658318996375762,0.024226659587830095,0.019461148870138167,0.0175960963343071,0.027842311347624316,0.021232756957981484,0.008313152631638048,0.03346197693533253,0.01484950905568572,0.02512260313201,0.02786740177144559,0.028269597559026208,0.03676235746503492,0.03800148384136498,0.028840694889682893,0.036445061492963185
0.045189813844324786,0.04515390407913427,0.034039337446096024,0.02550884293398488,0.0392137978508386,0.03434537511574785,0.044607080439556364,0.04364565892008039,0.04519119586758175,0.03901798280590862,0.03850605393490551,0.04330716776529584,0.02127429659072151,0.04509318433102907,0.04126310068086235,0.005165185037659887,0.042068751143677946,0.04404731442208151,0.044098730515807316,0.03154705573662908,0.043155113534491404,0.04485070405593425,0.02588065289608721,0.042348950458909074,0.03181968013187428,0.04420578834154147,0.04130981207048934,0.04065056251575096,0.04517774942234125
0.043982655864799686,0.04226738275727686,0.036654368251078734,0.0448465753603496,0.03654878238223259,0.04118490520958584,0.04363687532615997,0.04468688763130784,0.031384668242455636,0.041105821890231084,0.04230337137720562,0.035507594660129316,0.03128000995429209,0.04507421941083106,0.027565620416795722,0.04521079599702868,0.013175370177193276,0.0451907640544439,0.0451538030809501,0.04272183205063544,0.040548968706524274,0.04511366513574869,0.043263131584146686,0.04071808360298595,0.03968249270551774,0.03753459512111121,0.037784979031574684,0.04126950806995244,0.04305857544515539
0.04835181521029054,0.04025178257075697,0.04825529070765087,0.048080347822160294,0.04796161701003018,0.04763268063609948,0.037387258233772945,0.04842983271821939,0.048276257583112256,0.04118126797580848,0.04284909148498978,0.04380959318976664,0.04472260535576571,0.048410087602521426,0.028259586829973236,0.04020839806255285,0.048305217383477164,0.002437625029796514,0.030083535582557896,0.048417021354942864,0.048439821184702574,0.046564148823083074,0.031289179350920876,0.04292862745191054,0.03839409983764794,0.04803767926709124,0.04747034225601085,0.04701341338296691,0.04134927437370451
0.04303381470873657,0.03672660051006645,0.03355734899832763,0.044649368139899975,0.04503710575366221,0.03845176401796663,0.0450312682921003,0.04126153480744995,0.0341175751090088,0.04500412790869433,0.03982199870109945,0.04489070791136561,0.045146632963075,0.04500372503709971,0.048499450102553736,0.03226248523755835,0.03178572633179839,0.03539969096088501,0.04395581674224928,0.04305818485367505,0.044863396284033547,0.045099322162976886,0.04493039533260974,0.038840832910912795,0.04505982818020477,0.044205233966702416,0.042767115457278876,0.04064620732205062,0.04129870974369528
0.0162782081510853,0.00031777282498025573,0.013418014611644498,0.017815123339022756,0.0006686697666530863,0.000617210903588039,0.011771910103319615,0.016816727334113414,0.007210215619219223,0.006990638202190359,0.016571293855422678,0.011929444149011242,0.0005958691574585395,9.927434902220741e-05,0.016985684542936336,0.015707668953135343,0.016378786744805824,1.1106504804485775e-05,0.0021543601997621384,0.000754515547176074,0.016929628292238517,0.011064505770215609,0.0032702122928564437,0.016791961735052076,0.006038521854666279,3.356666439155854e-05,0.0017484912493859932,0.015445438384042281,9.682625383540326e-06
0.024369048575196298,0.04040346064115774,0.004984230159865493,0.009101823024757889,0.034157614244663015,0.03061745443599362,0.019515553321553115,0.011496501017741351,0.028978640376889478,0.026936687339380403,0.02349095727009807,0.036638227785921545,0.006761578111966751,0.010759986079405242,0.041127560138381786,0.0015307306720174368,0.01008440506679549,0.021198061502571725,0.013111878402794434,0.005945554736373581,0.013490273128270135,0.0469928915041211,0.03749803758927457,0.0345207016685209,0.028162016990575557,0.033507709740710934,0.017807265277514247,0.03624956055830242,0.036676081166013855
0.03148288212221182,0.035247522802194245,0.04373302348460509,0.03420533737013822,0.03888091224118628,0.0424317240479776,0.04489692612446648,0.045177826616578876,0.03261396132901262,0.031734276673630296,0.045119104482217204,0.0377928354585467,0.045063229436648235,0.037933546688914174,0.032339072538959276,0.03794096088487758,0.030294985030862472,0.04515887032046671,0.04352850096737751,0.044938625302561076,0.04349684595491079,0.023526498173152076,0.03856224832193857,0.04506698440881116,0.03627376562170237,0.03845447048071239,0.038432548300211825,0.02676423961629975,0.035497238870344186
0.024411166102962567,0.04313371345112506,0.03492486458596723,0.042060632940070786,0.03623501483153187,0.03881614864551076,0.038734772256608804,0.023972008216027612,0.04286356019829234,0.03602061423179412,0.042151469676533035,0.009530440545355477,0.022197609162345512,0.04441279116185323,0.03519159194089997,0.04298689578632653,0.04491060818297829,0.038189312771494635,0.038254624580297804,0.037899743448233957,0.043935782073596934,0.0414930539702271,0.04214651004931255,0.04410914095287716,0.0448234026781877,0.04520297433743644,0.034813309551091375,0.02808089815024658,0.04418102497655846
0.027928401391153667,0.041857163781506335,0.02487416145252515,0.033327689524384065,0.003634258309219495,0.0326270118885125,0.04158441702626124,0.0041920851507889715,0.027196529454293662,0.005853956174984146,0.0005150557316585977,0.040728812826270736,0.0004212973072052198,0.03337567936661763,0.0021951846107679403,0.014327189108495111,0.036119070205208346,0.04453536053444827,0.038859226186654924,0.0006084918165366437,0.004451364538152792,0.03353831959041563,0.013446183434448637,0.03907117578174125,0.01068220121808708,0.013117922371644924,0.016648532013853315,0.01005333142860586,0.007192857755039107
0.04014488033638269,0.029607694744985726,0.048485691285932726,0.03455010774964731,0.04423566487363766,0.027438681952180976,0.04613706903210464,0.043552955026360696,0.04195248610753032,0.04595187984981576,0.04112684189756131,0.048510940787846894,0.043248436793381084,0.041565636896542954,0.0460969142567165,0.04260640097976133,0.04467143113850956,0.044171607145690794,0.041307262281915856,0.04416363005273663,0.039009983565027634,0.038112151675204,0.043019988055356895,0.04234428876729113,0.04463576427733767,0.04423842828841077,0.0412057304605265,0.044320251015702035,0.03858151221894325
0.04016294793810964,9.952004574605755e-05,0.03821468427803587,0.04052777606695544,0.03633973216472314,0.02812032469839047,0.041330742117359,0.02901331909468408,0.03625622023571612,0.024197102630048987,0.04173516885498456,0.017148624818891546,0.037372333267811794,0.034583311907615294,0.03177549273736492,0.04439990574395801,0.03404870574002625,0.03509886972613817,0.045538561920718146,0.03642375613770045,0.02331042953161714,0.030649949439483466,0.034535534383974636,0.03571478012039891,0.03860624979300549,0.028166884057155717,0.039201126484929516,0.022815067029749402,0.04537026188264768
0.009828102475106022,0.003272386413404975,0.02893731102053184,0.005144079830207338,0.011008077095176323,0.030185068664395083,0.006312055170306127,0.007543321945902869,0.00444948820550572,0.007027991592499421,0.008837480157755786,0.023684807317779694,0.03635150569133506,0.00641319410110625,0.013801866510398199,0.0053804648196249805,0.005637844017163362,0.0034862934519918876,0.0034804955714418094,0.005466091458523855,0.0034783197385697246,0.006864889027201967,0.02293751470927439,0.007834465178650388,0.005104440619451455,0.00952900674959079,0.004509479975593691,0.0036774936816322203,0.039931575317861595
0.04122466221567898,0.04151293758548845,0.04505397427141106,0.04322781857845,0.03981516020640655,0.04386704557320258,0.03839172077279672,0.040821820569098555,0.039070372164863997,0.0354356793349027,0.03281279987686218,0.0384296732046879,0.04186225407926787,0.04389704110171968,0.030316952326973238,0.03668565722073696,0.0448829146985627,0.03862428460722022,0.004054638763989931,0.040930296473081856,0.032686285054052036,0.041412465671694064,0.0277914661629593,0.03630314099833738,0.03376061460930781,0.04483130800088286,0.04403116261986306,0.043384751424703605,0.04383617432880105
0.03334818033487807,0.03755292977476987,0.04483787974503594,0.04147150231730243,0.03942945457230802,0.0437393696932301,0.04504963612184046,0.04471118564735327,0.041233183982985616,0.04255297651152583,0.037644818760401655,0.045067350756212966,0.044460515790957576,0.044816781788883264,0.041556052096890506,0.041521426441162884,0.0450849764141197,0.04426993822944389,0.03865528784862629,0.04228735561573277,0.03984891997470978,0.028936103550468488,0.04187288083343177,0.044929032013465084,0.033809522530421174,0.04248023688907727,0.037240865011150204,0.043644966172961486,0.041920532935465354
0.04034692672704347,0.036991714356320676,0.03654212488663809,0.039731300582575575,0.022848687439987442,0.021968691518081406,0.04101941272960541,0.03192377204076223,0.04093833232321285,0.015335694678867912,0.02372672461765631,0.043305829498872905,0.044990397674648436,0.03830822718336888,0.04035712500778545,0.025722309719097253,0.03877417515325411,0.02024413763156318,0.02500493705841452,0.03821983207320103,0.03689196100902881,0.01678195777466686,0.02421838155238712,0.04156619918818484,0.03876523131031071,0.0411881033415744,0.043115645887165516,0.04510792328624136,0.04263476835895772
0.038894426184233,0.042227978341914774,0.045146932451890574,0.04142739700792933,0.04204356530637083,0.012059915695124022,0.04336066566083782,0.044610230900844955,0.03348782430059217,0.044197490598676295,0.04165186346308801,0.03534466761048968,0.04346948802695746,0.03466238808014259,0.032267272691409665,0.04206731342157391,0.028139994642781607,0.04249356854766309,0.040657013360744884,0.03942597324860334,0.030714612469598026,0.027204295706909062,0.03288471812224092,0.0446458669984507,0.04189309537638607,0.045026144992818,0.04516159408949985,0.044546601063437344,0.04512276411599529
0.043249275406154454,0.04386673728755858,0.043837681996747924,0.03931223984214485,0.03153600867108328,0.02635839726704457,0.04000880074096244,0.04511776707859262,0.04281996364200322,0.04417924908789543,0.03261804793769582,0.044271331713213395,0.04491700799792801,0.04789300527764667,0.04500872671473982,0.04309046663424759,0.04504849935568406,0.043723333141859264,0.04311586557886189,0.0443737170266634,0.04430213811110071,0.03892557253538644,0.044063717672792796,0.04378457323731896,0.04483032416364656,0.04426235467072172,0.04509201227281159,0.04198887678506093,0.041672498787630546
0.0438017232484926,0.0440260056849953,0.04387407207802474,0.03712601805140587,0.03280160094653724,0.04119426960027886,0.04414723858857106,0.04442698652564139,0.039057714714735015,0.044328349407311396,0.03855334878181127,0.04513553857939569,0.040388806305823484,0.04286106199318713,0.03788237868998631,0.04031628011629871,0.04419383445762896,0.044311012164179674,0.04125471894123388,0.04224966456039602,0.040320036752689706,0.04323876691677547,0.04208463967665059,0.04142748134478143,0.04071527291612596,0.04134156179641495,0.044034888786446624,0.04453698335816771,0.040295235643135835
0.00851221556304619,1.7907708260860017e-06,1.7418099681300733e-08,2.4381264355428108e-06,0.014205143020593324,0.006428015909894773,0.0072208346801324805,4.799777595559996e-08,0.010964865061984276,0.04842235646785685,0.00016377136170082793,0.011893062042086762,8.750137941334071e-10,0.008494396248064076,7.954035999432388e-05,2.3790961312443955e-06,0.04820376964298631,0.0481629348402375,0.048400991804052315,0.0428806218179537,0.04632190688275179,0.04543314819503008,0.04518190904362316,1.8159464089356542e-06,2.1297471105381163e-06,0.011166459758603033,0.04616206448608286,0.02138745495334936,0.016673903129954953
0.013743133091980518,0.011886342539548546,0.0009407235556001894,0.00016474749393785663,0.00013187443057411725,0.003993311773901706,0.004095141343643067,1.1654621045370445e-05,3.6821006780670774e-06,3.2510017536851213e-07,0.023340850814745403,0.005860160338632763,0.00011240982099967422,0.013201942856692824,4.105559455105122e-06,0.03666278133423596,0.0025509973991067986,0.005859068708965234,4.970859727624905e-06,0.001016712749839332,0.01238016194545647,0.004765613327325444,1.3670870797847708e-06,0.0011759940442966099,0.0012809739194234579,0.00031379938915238796,0.0005266746521835669,0.00011614722731732397,0.006954505440044267
0.03583604392479041,0.0382639891707368,0.01209576147833652,0.020388941263782698,0.04516193124867392,0.04406617440106282,0.039255793554636334,0.016773560637892013,0.04395223004666597,0.03874166490268931,0.02319621822089484,0.04467882877138532,0.012999031390673363,0.03487040414369872,0.019564985848329955,0.018572501359435445,0.042401021429172146,0.03903626797633762,0.0433550353237269,0.04475090317274216,0.044054567835300415,0.04457225843210921,0.04452622309810085,0.017706697859057246,0.01809240250597774,0.044322783261907375,0.04181684843490172,0.04400168630153358,0.04480349793315519
0.04515476181786513,0.042617589421699936,0.04436827280670752,0.042965202094793875,0.045061839159952155,0.037850934325620575,0.04361474935531985,0.044296643925772344,0.04307585397689921,0.03894661865024169,0.03331906695940135,0.04415423179002874,0.04506890271857317,0.0450540987081286,0.04434297010312592,0.0393723335161456,0.0449803792839313,0.03961644166398101,0.04423825747113869,0.04429707914410334,0.04491203922013194,0.03991034543630918,0.04506299805408891,0.045014915133300915,0.04262206331313787,0.038847837104464454,0.04463657362808019,0.039277856048821655,0.042280702850651414
0.022928812844798106,0.002212619373422598,0.011826918675195657,0.010558569130352986,0.012706459025606113,0.01959504710400075,0.017916673944981268,0.01327520383450487,0.01961317340673971,0.012759469984702228,0.01575013119362945,0.020520224812928634,0.014006162038686602,0.02371593295336439,0.02387776065938877,0.012633375182107505,0.01263958258559702,0.014782454176223477,0.016710730646647878,0.012774939673975996,0.022812985607910393,0.04519395008557404,0.021028561203740356,0.013765273305353636,0.012348966212361475,0.013760217489134929,0.0008137962515628143,0.013114761928763187,0.03307114499440403
0.03622567117381677,0.045272237233814495,0.03580585949108115,0.03145459361968865,0.04512832705539016,4.4230336166750913e-85,0.01911270323377412,0.038484887489186506,0.007296506950345297,0.041548681502972154,0.0326298929379682,0.007518983444987078,0.044424193288731643,0.035369320973150306,0.043673734117339616,0.03706846339404876,0.03510129698150605,0.03591661009306346,0.008059171125173807,0.028102659633871985,0.045148785872106634,0.02897988045789375,0.032640295628688455,0.04455993128235865,0.015891861727072305,0.03160751273630301,0.023361780939947972,0.027779632011915974,0.038033911065988225
0.043675475238786954,0.043252494692445256,0.0435828140195079,0.04336286558219069,0.043994836259757475,0.028398815447752548,0.044206461288681116,0.04487812539649808,0.04508062860677156,0.027093473705419632,0.04074657817695546,0.04363757121718638,0.0450927608809249,0.04325940235768498,0.041804130110739184,0.033720791152303635,0.045154797786301215,0.029075957828137083,0.04419151239599129,0.0435161601881278,0.0441544697794745,0.02905101533392991,0.044008620686946845,0.0451521746132016,0.04423761795014694,0.03155888283857056,0.04421033187581876,0.02972315588469581,0.04507287262196946
0.04514947087778977,0.04442940265669599,0.04296894930948632,0.04518349577462671,0.04682772271445853,0.04479160476860597,0.04473928673452511,0.04449999704613258,0.044393264060389646,0.04485185629087094,0.03331851822609029,0.04470352404153945,0.04488107411745268,0.044330960279728125,0.04287188149919191,0.04223818958659548,0.0343909462849514,0.043966811237998005,0.04469792582986909,0.04207522233813277,0.047921495462965466,0.04344780314079755,0.039356794934861286,0.045083446301835625,0.0440386028934245,0.04499885801239907,0.04268462316120386,0.04467445508318711,0.04316303443919195
0.04437176586969245,0.04708766190456436,0.04211831830672477,0.035732254366188376,0.010410523400283573,0.041669326656415186,0.04545983172541454,0.04173463032055184,0.04610437556568829,0.04117540806496287,0.04454377183727312,0.04338114685640257,0.042562216537663525,0.044400889648808374,0.04595370608281391,0.04555070273196474,0.04227107867035876,0.04139960323550676,0.04339310129363666,0.04196497517079903,0.04004943414637635,0.04144222342869745,0.03173948950607113,0.04337208902146997,0.04754584680535018,0.04268606800949426,0.04561935957787841,0.04768111678802796,0.040114909864532464
0.005523988866420195,0.04513744936889117,0.035966297386124474,0.008539435253294224,0.025064565259710285,0.0429060466564517,0.008805638117054308,8.097392092833855e-06,0.046020975476929904,0.047143446613898576,0.0003872102233993194,0.002106088200030489,0.015357533720425046,0.001288509506045277,0.000982012616960743,1.218946394516468e-05,0.04317090186733435,0.04708960189971592,0.03756011049387196,0.04493509120314502,0.04608625621596594,0.044764802013197366,0.045530218501873415,0.00636945055691896,0.00044829705291394244,0.04202606105403222,0.041937994896233954,0.04014569724895442,0.006605565547892055
