site,MLE,Lower,Upper,LogL_global,LogL_local
1,0.73725725936181,0.5433044105170954,0.9748316186968776,-248.4336891728627,-246.1282431014178
2,0.4687367027317708,0.3461544000610818,0.6180598516850199,-271.8173373910425,-254.8527286397684
3,0.1711895436607957,0.1101487332461217,0.2518038828886356,-222.3824040264792,-155.4846959190397
4,0.2028939466765811,0.101563392361006,0.3564045992567154,-100.7097339898465,-77.68433580321874
5,0.6565130976755335,0.4886883836956282,0.8597669119663156,-302.8836694392927,-297.9665955096146
6,0.6827388235157353,0.5406017726355196,0.8492187360773512,-419.5251226185046,-413.3499859844653
7,0.524451129098822,0.3840761283945012,0.6959697095822626,-271.666068110383,-260.3460827081914
8,0.8131008472230344,0.6514687581080031,1.001421192608509,-469.8099850632475,-467.916122392056
9,1.922631567635748,1.616431719670579,2.275488535957776,-771.1786641463563,-746.4351572606234
10,1.447182522086437,0.8098812015155983,2.469703796533764,-68.2139674424156,-67.4017207913875
11,1.398576174344321,0.8733870969734436,2.179071612356473,-110.8687488279469,-109.8699704800729
12,1.520832615583196,1.22637335917528,1.863157988619541,-520.7651790209825,-513.8749681068053
13,3.867952098052985,3.282880557136867,4.537435344514694,-978.2074374303189,-876.073727128351
14,0.6349288100601629,0.4865383596155708,0.811429173070661,-328.245508563373,-321.1811526371674
15,1.871434057417978,1.592215878518628,2.185433051646028,-795.1910043906867,-769.6068589509478
16,0.1211855110703092,0.04814272850654466,0.2457847549881607,-82.54798023732005,-51.97605079624316
17,0.5560901378748104,0.416437454758055,0.7248016164304041,-281.0881849474752,-270.6103519554889
18,0.2382471053623273,0.1442901136694802,0.3664015979124812,-161.2939470241172,-130.0730076766496
19,0.09131430693019749,0.04386221622479423,0.1647130977365807,-139.3111626427473,-72.00616694730958
20,0.587888849324029,0.4460939945981619,0.7585022427109663,-344.8841926897549,-335.7117914191397
21,0.628175988729997,0.4259092370091034,0.8868957236985685,-184.7719246244506,-181.1338825710148
22,0.3864953624158028,0.240650593993728,0.5823746172985388,-158.6555189181397,-146.0865188018449
23,0.468456630253095,0.3373421424985594,0.6302445441969206,-236.4475991867837,-221.6926157030902
24,0.4156527154132168,0.2662467705255129,0.6128337111243812,-156.3443875914496,-144.6218571583586
25,0.1928068014245525,0.1059231202837736,0.3180208955017445,-143.6681706356864,-111.3225247023098
26,0.1970505434814703,0.1133069639764138,0.3145967087671856,-145.4835298450383,-109.1871973318376
27,0.4174065468031453,0.263063695373918,0.6232353312248877,-153.8729776892683,-143.0440328290995
28,0.6181974470130743,0.4703852097300043,0.795099529520929,-287.5614614246495,-280.0006873661732
29,0.4142351106792526,0.2894499989714791,0.5716054690113465,-207.5552254241773,-190.0740272418846
30,4.176566505189723,3.578382222877098,4.857352497397343,-1115.064041464278,-987.237557337517
31,0.4984697164006623,0.3710772050681405,0.652466285132559,-282.0980130039003,-267.2177881961851
32,2.36385515491877,2.002901591737948,2.775408262208664,-855.8873090937303,-811.4593363776887
33,2.471993447894196,2.052755821559662,2.958752461674019,-705.0325027017037,-665.9084552994184
34,2.069809059342226,1.682743817640344,2.526752203960434,-564.8322294773017,-543.4643381388736
35,1.819590561920292,1.494468419762866,2.195643727473304,-560.4102946342277,-544.3441618541292
36,1.910924537634999,1.547031439338197,2.334590229275248,-512.723328809604,-496.6184749886115
37,2.708364732064801,2.315264694081962,3.157461297238818,-976.4486972038675,-910.4082288583147
38,0.9607955010773163,0.7812402553477197,1.167651248169558,-557.3761122086719,-557.298937137298
39,2.302157701119191,1.942555981528233,2.709667271172961,-826.3859861981075,-787.2816009312675
40,0.4265425907736324,0.2885501068031543,0.6038330171066373,-200.5323184966724,-186.8118451153553
41,0.8229364579257508,0.6626739860937401,1.007940371084516,-455.5591188731977,-453.7897590861422
42,1.248062261331324,0.990867246546327,1.548002334987246,-423.2896005867588,-421.5136587268518
43,0.4935308919291298,0.3735868720239514,0.6379270302021764,-349.7554927961619,-332.9952695810309
44,0.4059316380726096,0.2851045762562213,0.5575279932915179,-230.577527843006,-211.5899024888867
45,0.7254809266010583,0.5557998330414826,0.9273632699212954,-316.7446287007978,-313.3797378271418
46,0.5434886069931959,0.3884750203931395,0.7366829010512416,-239.9893202151981,-231.4661854276926
47,0.2209222577852202,0.1316956467428601,0.3437305969425102,-143.4498799834402,-109.7665987190576
48,0.3093440423727251,0.2110148996253665,0.4347384845575732,-213.9343995304359,-183.1180574087734
49,0.3181160754026008,0.2288745914688732,0.428467446694739,-286.3908845299509,-248.1624690403375
50,0.5360965056952329,0.4022262890419692,0.697552463112522,-280.1650011387562,-268.0114834597428
51,0.2001861172072445,0.1335190251488859,0.2864245576370975,-225.3334946740767,-164.3696970841557
52,0.8720355256944827,0.6806149403798207,1.097371929873543,-377.6015734333316,-376.9400320704682
53,0.312920847448374,0.1972815608951075,0.4670442303491517,-163.8189700081314,-142.384364725973
54,0.6135642614638497,0.4774496159646006,0.77406511640253,-388.3738372859634,-379.1398374015431
55,0.3038345556086656,0.2174654407840835,0.4111257942970962,-280.7405407040352,-240.3265422224657
56,0.7138732996442768,0.551392791827924,0.907137083830352,-363.4292032074761,-359.5111604489193
57,0.630069431086364,0.4967470737693898,0.786439809321412,-388.6305115762243,-379.6344783337544
58,0.4472681527714035,0.3349755860425928,0.5828460670996375,-320.443922140623,-299.1627968531878
59,0.657937065209655,0.5010218223007951,0.8457375615668148,-343.4278358723192,-337.7910329161837
60,0.5944692252786646,0.4353817886322606,0.7893362516543005,-288.354471294805,-281.3922108189131
61,0.2880129808980749,0.1836191153532039,0.4262843441102956,-167.5769706565759,-140.9967473802372
62,0.858237813433202,0.6766991813142488,1.072046732469103,-417.9471341858753,-417.0634713289814
63,0.3406323723810818,0.2325218678766326,0.4780447768507744,-202.7714754330877,-177.4132078754766
64,1.00257318977116,0.8261114495990738,1.204086519112747,-518.170311212814,-518.1699532459157
65,0.3537487707966385,0.2610568973529177,0.4668527132469754,-312.5576502593228,-277.8018421191601
66,0.264668826435378,0.162472441957111,0.4032147364373823,-156.5134907347106,-129.7213810527002
67,0.6542049767601502,0.5006796610404876,0.8372876959748697,-333.4306785302197,-327.4116854956954
68,0.5888897766173551,0.4568023445311506,0.7451232648536326,-384.747383506639,-374.0495165095973
69,0.5817968971712759,0.4272306906248688,0.7703352698263815,-245.0727575908181,-237.2520822569077
70,0.04324259542669211,0.0107489199196025,0.1122323344850349,-83.08048270761569,-26.95583044467536
71,0.2113054583098564,0.1420960129003298,0.3003216025008088,-213.3626631766123,-154.9210584278948
72,0.1041944361233779,0.05727262608615129,0.1717287631202837,-169.5688654795604,-89.02770698095694
73,0.6770766560000976,0.5208665563453732,0.8632214190588511,-345.7205322327432,-340.5368730064584
74,0.04240402643002575,0.01053591538888493,0.1101576968956243,-82.7110514714249,-26.19695007387264
75,0.5365027795787279,0.3820176856424979,0.7291888721371317,-199.3345903581064,-190.5534538665113
76,0.02095867153952472,0.003484590021374839,0.06472655135878283,-107.8383213269757,-22.47467601026932
77,0.5038494628805531,0.3854944259339557,0.6447180041081676,-350.2891016431163,-333.0492793450597
78,1.644531396167532,1.348126184886557,1.983785079544494,-589.1880392435955,-578.1590759507155
79,9.88437755596616,8.578653764789408,11.40147742783551,-1641.951286804632,-1258.812123689155
80,14.66196690874066,11.99851649430121,18.25896866265271,-1655.794551010714,-1256.298413628693
81,19.77951796779611,15.79045171301989,25.53674816431291,-1512.730931558736,-1082.125400587665
82,15.44451796329792,12.27768109175281,19.97911067113861,-1089.936601925967,-801.9878665659313
83,12.60405019204365,9.582809713037486,17.34048818756147,-731.882301333391,-555.0246274810908
84,10.66371067557258,6.160382834549841,37.3783412755642,-184.3299153002063,-150.2158287142515
85,9.927312861687463,4.651316163218411,9798.23660090039,-107.7105248130326,-90.1004492151874
86,11.00040138221341,5.346788578864107,43.30477508021675,-107.3357732298417,-83.31318283951154
87,15.56325718990358,7.057658046012186,9798.236202552423,-171.2560637014647,-133.113495980363
88,13.62639674368225,8.516615589800427,25.56675012606451,-286.6651683887056,-219.7908877846034
89,23.61439263482084,14.88013582316602,43.32888014864374,-429.7534575492319,-308.7989933569316
90,14.82868603027102,10.69712067643643,21.38958683735792,-618.3532129010201,-471.7617962574314
91,15.8174986014716,11.02538172235983,27.64623074377806,-827.1842804527793,-632.6373525290182
92,20.81637085849448,15.82527925825707,28.74220032299893,-1166.378261616149,-834.1554405775477
93,15.25901529174702,12.22326480129684,19.30034336697808,-1267.064634226834,-946.7734952814137
94,13.12919654593835,10.9520978849186,15.89481976214715,-1457.319774431664,-1117.382427472571
95,2.685605989495202,2.271597870216203,3.15652274104198,-904.7107234877808,-849.7493388167404
96,2.396660861843065,1.988953703064618,2.860690947951993,-686.2791765167854,-651.4835639542464
97,3.405196050936471,2.841402452337062,4.059181159633034,-873.1052307822986,-802.2803016481382
98,0.1719337563296756,0.07854022881839164,0.3202682813391788,-95.24697196302128,-70.96859800125148
99,0.2716717105479532,0.1493339869726124,0.447771596503834,-106.6507900643824,-88.92871535928174
100,1.033444406078064,0.8250059429506607,1.275296991348746,-454.6669747029736,-454.6234815202391
101,0.2488607654304875,0.1331511622269775,0.4181708844456337,-109.4576366068888,-90.20090784708047
102,0.436745057933761,0.3246087524762894,0.5728723366981238,-318.6461990157243,-297.0767103323822
103,1.886773992118881,1.555301797618567,2.267743239402782,-671.9715726045333,-653.3003833246986
104,0.6360218543290642,0.4760202524859257,0.8296764564804024,-330.5598026598893,-324.6499134084635
105,0.313723159960417,0.2226051422564818,0.4273739533097,-259.4085568745633,-223.0461101674214
106,0.2729892095525197,0.1762341458133434,0.400146998163518,-196.2895814606612,-165.2877343629183
107,0.198708049448179,0.129326907602023,0.289636401738594,-216.5660272452042,-161.016771474664
108,0.4021897840697651,0.2967040465632826,0.5311540531194877,-296.7907230225508,-271.5516474558914
109,0.6466046026176469,0.4442922478335082,0.9057365038148012,-180.072477395618,-176.7592520729145
110,0.6735807613790946,0.455795672539013,0.9588029139211669,-187.3009939217634,-184.868747993247
111,0.6658269749118975,0.4495578109476652,0.9463305653991675,-176.6181038004959,-174.0044379336272
112,0.886184911173578,0.6259922999514412,1.216171260426445,-186.1732874464355,-185.9084845291937
113,1.111835318549795,0.7826533973551331,1.531443859315778,-192.4165732063049,-192.2292751666893
114,0.2525174275509783,0.09051919663751358,0.5438258545821346,-47.74673761621722,-39.89352744498211
115,0.4525711493446168,0.2947514798425313,0.662425681823442,-138.220552397841,-128.795355640386
116,0.5327684972347386,0.3282102716766638,0.8111685713969966,-113.6215187887583,-109.0091341105407
117,0.4139293609310711,0.241544371590323,0.6559302794201853,-87.65568260521098,-79.51501011519292
118,0.539203872570954,0.2719455733804159,0.939954536999018,-60.6393515260804,-58.21170764933284
119,0.2004043780382952,0.07947771430498417,0.4076917956626571,-56.40741469018445,-42.48845950363852
120,0.5307627930701627,0.3500955430354588,0.767863485572969,-136.0053210035722,-129.8655799751008
121,1.211639419206048,0.8043719377210495,1.744846645350407,-149.7829592038532,-149.333425487816
122,0.4194266815501041,0.1816585835061514,0.8151817246308362,-46.32196209746879,-42.81801762585641
123,0.5366024109020099,0.2673582413208104,0.9511826078091751,-58.8870122079482,-56.57815620563044
124,1.598625512768725,1.119404024740399,2.231831643160177,-203.321853144796,-200.0750249791059
125,0.7657670011669422,0.5288671247450327,1.074721769357379,-181.4758425358566,-180.3050435295277
126,1.124657360097502,0.7496637412124114,1.629940682638152,-135.1031100752636,-134.9306454516833
127,0.6386106348231091,0.3834194614383402,1.007078390240015,-105.0173962911373,-103.1585428730052
128,0.5570162414364105,0.3180451638682831,0.9008326289220305,-79.91811201093755,-76.98247458528152
129,0.370564411603699,0.175385017290258,0.6861198846676128,-52.70717085638702,-47.17454304387918
130,1.235347816966096,0.6816939103645501,2.052794962425871,-71.2459851050603,-70.9752245217503
131,1.054418761765129,0.5907455652650709,1.802452178300531,-75.23666277140933,-75.21898538988121
132,0.8720351952648053,0.4893350908004008,1.452168267612775,-73.61985079676701,-73.49170130713989
133,0.4192310909517572,0.1777310107738856,0.8308870231312546,-39.98287849226364,-36.70152158360699